record_id,mine_id,violation_count,overdue_actions,inspection_score,maintenance_delay_days,equipment_failure_count,contractor_violations,contractor_compliance_score,environmental_issues,risk_score,risk_level
HIST_0001,M002,10,1,46,23,4,3,59,2,100,CRITICAL
HIST_0002,M004,10,8,50,18,6,0,46,1,100,CRITICAL
HIST_0003,M007,3,8,83,0,8,3,90,8,100,CRITICAL
HIST_0004,M006,3,7,82,8,0,2,89,6,78.65,CRITICAL
HIST_0005,M002,4,2,58,30,5,1,50,6,100,CRITICAL
HIST_0006,M007,5,5,83,8,0,7,79,1,76.3,CRITICAL
HIST_0007,M001,1,8,63,26,5,3,90,1,100,CRITICAL
HIST_0008,M007,10,3,94,9,1,3,100,1,68.4,HIGH
HIST_0009,M004,4,7,85,26,5,2,68,5,100,CRITICAL
HIST_0010,M003,10,4,89,29,1,2,79,3,100,CRITICAL
HIST_0011,M001,7,6,62,29,8,3,88,5,100,CRITICAL
HIST_0012,M010,3,0,96,10,6,4,49,3,72.15,HIGH
HIST_0013,M003,11,5,58,20,7,6,86,7,100,CRITICAL
HIST_0014,M010,4,2,60,23,8,8,61,6,100,CRITICAL
HIST_0015,M002,6,5,59,4,8,7,50,0,100,CRITICAL
HIST_0016,M010,2,10,55,25,6,1,69,6,100,CRITICAL
HIST_0017,M005,7,8,61,17,0,1,88,8,100,CRITICAL
HIST_0018,M001,12,10,66,3,4,6,55,7,100,CRITICAL
HIST_0019,M009,11,4,77,24,2,8,51,4,100,CRITICAL
HIST_0020,M001,9,3,54,11,2,8,94,8,100,CRITICAL
HIST_0021,M004,9,5,76,0,1,5,98,4,83.4,CRITICAL
HIST_0022,M002,0,3,81,30,1,1,91,7,83.4,CRITICAL
HIST_0023,M005,12,8,94,4,2,7,80,2,100,CRITICAL
HIST_0024,M005,8,9,72,30,3,8,93,3,100,CRITICAL
HIST_0025,M004,6,10,86,11,7,8,73,1,100,CRITICAL
HIST_0026,M001,3,1,66,0,8,3,82,3,69.9,HIGH
HIST_0027,M002,1,10,48,7,1,0,100,5,87.6,CRITICAL
HIST_0028,M010,8,3,62,21,7,3,79,2,100,CRITICAL
HIST_0029,M002,9,7,60,25,7,6,57,1,100,CRITICAL
HIST_0030,M002,10,6,67,13,6,7,100,0,100,CRITICAL
HIST_0031,M009,0,6,91,10,1,3,57,3,69.4,HIGH
HIST_0032,M008,7,2,72,5,4,7,60,1,87.3,CRITICAL
HIST_0033,M003,12,8,51,1,8,0,50,3,100,CRITICAL
HIST_0034,M001,6,7,75,6,6,0,55,6,100,CRITICAL
HIST_0035,M008,6,4,95,25,7,4,72,8,100,CRITICAL
HIST_0036,M001,2,3,63,6,0,8,48,5,86.15,CRITICAL
HIST_0037,M002,0,9,75,16,8,2,48,8,100,CRITICAL
HIST_0038,M010,2,1,83,2,3,6,52,3,63.35,HIGH
HIST_0039,M004,9,0,84,2,6,8,65,4,93.75,CRITICAL
HIST_0040,M008,10,5,60,8,6,2,87,4,100,CRITICAL
HIST_0041,M009,5,1,45,14,1,1,79,3,74.8,HIGH
HIST_0042,M003,4,2,67,28,1,3,68,4,95.65,CRITICAL
HIST_0043,M005,7,8,90,9,8,0,87,8,100,CRITICAL
HIST_0044,M003,10,1,53,8,1,1,92,8,91.55,CRITICAL
HIST_0045,M009,4,4,83,6,5,3,88,4,78.65,CRITICAL
HIST_0046,M001,7,4,99,1,1,6,98,4,69.05,HIGH
HIST_0047,M009,0,5,94,4,4,2,92,7,66.9,HIGH
HIST_0048,M009,11,6,80,0,1,1,89,2,78.25,CRITICAL
HIST_0049,M005,0,5,82,17,2,6,53,0,79.45,CRITICAL
HIST_0050,M007,5,0,67,6,3,1,67,8,77.5,CRITICAL
HIST_0051,M003,9,2,60,27,2,2,71,0,99.65,CRITICAL
HIST_0052,M002,11,5,95,29,6,3,62,2,100,CRITICAL
HIST_0053,M006,6,0,99,15,3,3,97,7,74.6,HIGH
HIST_0054,M002,4,3,59,0,3,6,66,4,82.85,CRITICAL
HIST_0055,M006,12,4,67,20,8,6,88,8,100,CRITICAL
HIST_0056,M006,0,1,61,5,4,0,51,6,65.9,HIGH
HIST_0057,M005,11,5,72,19,8,1,69,3,100,CRITICAL
HIST_0058,M002,0,6,45,16,8,3,68,6,100,CRITICAL
HIST_0059,M007,10,5,84,10,1,4,77,4,98.35,CRITICAL
HIST_0060,M007,5,6,89,9,8,2,57,6,100,CRITICAL
HIST_0061,M005,10,2,84,18,4,6,80,0,97.2,CRITICAL
HIST_0062,M004,4,3,72,25,5,7,73,7,100,CRITICAL
HIST_0063,M010,8,7,95,28,2,1,63,8,100,CRITICAL
HIST_0064,M003,5,1,97,30,3,4,59,3,94.3,CRITICAL
HIST_0065,M007,0,0,60,15,1,7,71,3,68.75,HIGH
HIST_0066,M004,7,6,60,4,0,1,94,6,85.8,CRITICAL
HIST_0067,M008,2,8,74,1,8,3,99,1,83.05,CRITICAL
HIST_0068,M010,2,7,87,16,8,5,93,7,100,CRITICAL
HIST_0069,M008,11,8,72,26,8,7,55,7,100,CRITICAL
HIST_0070,M005,4,3,98,20,4,8,76,3,95.7,CRITICAL
HIST_0071,M009,7,1,90,9,3,4,66,5,81.8,CRITICAL
HIST_0072,M002,1,2,54,7,6,2,90,3,70.0,HIGH
HIST_0073,M007,6,6,66,17,7,6,48,3,100,CRITICAL
HIST_0074,M005,6,9,89,0,6,7,45,5,100,CRITICAL
HIST_0075,M010,12,6,99,28,6,8,92,8,100,CRITICAL
HIST_0076,M006,3,7,59,8,6,7,46,6,100,CRITICAL
HIST_0077,M001,10,10,96,12,2,7,53,8,100,CRITICAL
HIST_0078,M003,6,9,81,21,0,1,86,6,100,CRITICAL
HIST_0079,M006,7,2,48,8,6,5,58,7,100,CRITICAL
HIST_0080,M008,5,6,62,24,6,4,98,1,100,CRITICAL
HIST_0081,M001,0,8,48,30,5,3,86,1,100,CRITICAL
HIST_0082,M008,12,0,60,6,0,2,60,2,78.2,CRITICAL
HIST_0083,M006,10,1,81,30,3,7,89,4,100,CRITICAL
HIST_0084,M010,2,9,83,30,1,2,64,1,100,CRITICAL
HIST_0085,M002,0,4,81,21,6,6,90,3,92.35,CRITICAL
HIST_0086,M006,9,10,60,3,4,1,95,0,100,CRITICAL
HIST_0087,M001,8,6,87,11,1,8,86,5,100,CRITICAL
HIST_0088,M007,6,7,51,13,5,7,90,2,100,CRITICAL
HIST_0089,M010,2,8,86,8,8,7,74,6,100,CRITICAL
HIST_0090,M008,4,5,99,7,1,4,73,3,69.5,HIGH
HIST_0091,M003,9,9,87,12,5,0,76,5,100,CRITICAL
HIST_0092,M009,7,3,67,25,4,5,62,4,100,CRITICAL
HIST_0093,M004,0,8,57,2,3,6,76,8,100,CRITICAL
HIST_0094,M002,11,7,86,22,7,7,95,0,100,CRITICAL
HIST_0095,M008,4,3,70,22,3,4,87,5,98.15,CRITICAL
HIST_0096,M005,8,8,67,13,8,5,67,7,100,CRITICAL
HIST_0097,M003,4,4,59,3,3,5,52,8,100,CRITICAL
HIST_0098,M002,3,3,92,15,4,8,83,4,90.05,CRITICAL
HIST_0099,M003,3,4,59,11,2,4,45,8,100,CRITICAL
HIST_0100,M002,4,0,48,17,4,2,85,7,92.35,CRITICAL
HIST_0101,M001,0,9,63,15,7,7,66,2,100,CRITICAL
HIST_0102,M010,4,7,52,26,1,6,76,1,100,CRITICAL
HIST_0103,M002,10,10,48,4,2,4,50,3,100,CRITICAL
HIST_0104,M008,8,6,83,19,3,8,69,7,100,CRITICAL
HIST_0105,M004,4,9,72,9,0,1,93,3,81.85,CRITICAL
HIST_0106,M003,4,10,50,5,3,2,80,1,97.5,CRITICAL
HIST_0107,M005,0,6,73,22,7,4,47,3,100,CRITICAL
HIST_0108,M005,11,4,89,27,7,1,88,3,100,CRITICAL
HIST_0109,M004,12,10,82,21,3,6,52,8,100,CRITICAL
HIST_0110,M005,10,2,62,26,2,1,48,2,100,CRITICAL
HIST_0111,M007,9,9,63,14,1,7,89,4,100,CRITICAL
HIST_0112,M007,4,8,79,15,7,1,83,0,97.1,CRITICAL
HIST_0113,M005,11,5,83,8,0,1,59,0,81.3,CRITICAL
HIST_0114,M005,9,0,93,24,2,7,78,7,100,CRITICAL
HIST_0115,M007,2,9,72,20,7,1,75,5,100,CRITICAL
HIST_0116,M005,5,5,87,3,2,5,71,7,89.9,CRITICAL
HIST_0117,M006,10,6,97,24,8,0,74,1,100,CRITICAL
HIST_0118,M009,4,5,52,24,6,8,97,0,100,CRITICAL
HIST_0119,M008,7,6,48,6,8,5,84,7,100,CRITICAL
HIST_0120,M008,12,0,58,8,8,2,63,7,100,CRITICAL
HIST_0121,M001,1,0,85,19,3,2,64,8,78.05,CRITICAL
HIST_0122,M008,8,6,50,7,1,7,52,2,100,CRITICAL
HIST_0123,M008,11,4,77,22,4,6,98,7,100,CRITICAL
HIST_0124,M003,3,7,80,4,6,3,83,8,100,CRITICAL
HIST_0125,M005,1,4,94,25,6,5,95,8,100,CRITICAL
HIST_0126,M008,0,4,91,9,7,2,73,8,86.7,CRITICAL
HIST_0127,M004,5,5,80,24,8,6,74,5,100,CRITICAL
HIST_0128,M008,11,3,81,12,3,6,47,5,100,CRITICAL
HIST_0129,M009,11,6,69,21,2,7,47,2,100,CRITICAL
HIST_0130,M001,9,5,100,3,7,1,78,7,100,CRITICAL
HIST_0131,M006,11,2,71,27,2,1,75,4,100,CRITICAL
HIST_0132,M008,9,6,86,2,5,8,69,5,100,CRITICAL
HIST_0133,M007,8,0,84,2,3,4,59,1,64.25,HIGH
HIST_0134,M001,1,10,90,27,1,7,55,4,100,CRITICAL
HIST_0135,M003,0,5,95,1,4,5,68,6,73.45,HIGH
HIST_0136,M010,3,8,71,18,2,2,56,1,97.75,CRITICAL
HIST_0137,M005,6,9,88,7,7,2,59,7,100,CRITICAL
HIST_0138,M003,7,4,87,0,7,4,88,8,99.55,CRITICAL
HIST_0139,M008,1,7,67,18,4,6,89,4,100,CRITICAL
HIST_0140,M010,4,3,69,27,7,1,60,6,100,CRITICAL
HIST_0141,M005,5,9,63,22,4,0,98,6,100,CRITICAL
HIST_0142,M004,0,9,100,21,0,7,98,4,91.2,CRITICAL
HIST_0143,M002,9,5,59,20,3,4,88,2,100,CRITICAL
HIST_0144,M003,10,10,47,9,7,0,82,5,100,CRITICAL
HIST_0145,M009,1,4,65,23,6,2,57,2,98.6,CRITICAL
HIST_0146,M005,5,8,77,29,4,2,61,7,100,CRITICAL
HIST_0147,M007,11,5,96,3,7,1,54,3,100,CRITICAL
HIST_0148,M002,12,8,68,2,6,0,61,8,100,CRITICAL
HIST_0149,M002,7,5,88,23,4,6,97,5,100,CRITICAL
HIST_0150,M002,10,3,75,0,8,5,84,3,100,CRITICAL
HIST_0151,M001,10,7,89,9,6,1,53,0,100,CRITICAL
HIST_0152,M008,4,7,52,3,3,8,53,6,100,CRITICAL
HIST_0153,M007,5,10,92,22,8,6,82,2,100,CRITICAL
HIST_0154,M004,10,1,98,15,6,4,47,5,100,CRITICAL
HIST_0155,M009,7,7,60,27,5,1,88,5,100,CRITICAL
HIST_0156,M002,10,5,48,12,4,3,52,7,100,CRITICAL
HIST_0157,M004,10,3,86,20,0,0,95,5,87.15,CRITICAL
HIST_0158,M004,2,9,58,2,8,3,82,3,100,CRITICAL
HIST_0159,M003,5,2,95,28,0,4,99,2,74.6,HIGH
HIST_0160,M006,8,4,96,5,1,0,53,0,62.15,HIGH
HIST_0161,M003,12,3,82,10,0,2,61,0,81.05,CRITICAL
HIST_0162,M009,11,6,78,3,1,7,73,5,100,CRITICAL
HIST_0163,M005,9,1,73,16,3,0,91,8,94.9,CRITICAL
HIST_0164,M008,7,10,46,1,7,6,72,1,100,CRITICAL
HIST_0165,M002,11,7,49,28,1,5,83,2,100,CRITICAL
HIST_0166,M005,2,4,84,20,8,5,69,8,100,CRITICAL
HIST_0167,M004,7,8,83,13,1,1,99,8,100,CRITICAL
HIST_0168,M002,6,7,59,13,5,7,70,6,100,CRITICAL
HIST_0169,M002,5,6,65,21,4,5,54,7,100,CRITICAL
HIST_0170,M009,1,1,50,13,1,5,96,2,62.6,HIGH
HIST_0171,M007,0,9,80,17,5,1,71,5,100,CRITICAL
HIST_0172,M004,11,0,63,19,4,5,51,8,100,CRITICAL
HIST_0173,M006,2,10,75,7,1,5,99,8,100,CRITICAL
HIST_0174,M001,1,4,81,7,6,8,94,8,97.55,CRITICAL
HIST_0175,M005,9,10,98,22,4,0,56,4,100,CRITICAL
HIST_0176,M001,5,5,45,5,2,6,49,2,100,CRITICAL
HIST_0177,M006,1,8,58,12,6,7,66,2,100,CRITICAL
HIST_0178,M010,4,5,94,30,1,0,54,2,90.6,CRITICAL
HIST_0179,M007,0,10,50,8,7,6,76,7,100,CRITICAL
HIST_0180,M005,4,3,93,16,1,5,72,1,71.15,HIGH
HIST_0181,M007,10,10,82,15,8,4,47,3,100,CRITICAL
HIST_0182,M005,9,0,45,6,4,3,94,2,80.45,CRITICAL
HIST_0183,M007,4,5,52,0,7,6,56,2,100,CRITICAL
HIST_0184,M007,8,3,77,17,5,1,70,0,89.45,CRITICAL
HIST_0185,M007,0,7,49,27,5,6,81,6,100,CRITICAL
HIST_0186,M006,4,1,70,0,5,2,96,7,68.5,HIGH
HIST_0187,M009,1,6,99,3,3,6,82,6,77.45,CRITICAL
HIST_0188,M002,1,6,100,9,5,3,66,2,74.8,HIGH
HIST_0189,M006,8,10,52,16,8,3,94,5,100,CRITICAL
HIST_0190,M004,11,10,97,4,3,1,54,4,100,CRITICAL
HIST_0191,M008,2,9,54,24,1,2,94,7,100,CRITICAL
HIST_0192,M003,12,9,93,18,7,5,100,5,100,CRITICAL
HIST_0193,M006,7,1,75,14,4,4,82,0,77.05,CRITICAL
HIST_0194,M005,8,1,64,14,7,0,48,5,100,CRITICAL
HIST_0195,M010,1,10,100,27,1,8,69,7,100,CRITICAL
HIST_0196,M009,8,0,73,29,3,5,83,7,100,CRITICAL
HIST_0197,M001,2,0,73,3,5,1,77,2,48.3,MEDIUM
HIST_0198,M005,3,7,73,16,8,2,68,5,100,CRITICAL
HIST_0199,M002,6,6,94,10,0,5,49,5,96.35,CRITICAL
HIST_0200,M010,8,10,69,9,4,2,66,1,100,CRITICAL
HIST_0201,M005,10,2,67,9,6,2,83,1,90.6,CRITICAL
HIST_0202,M002,8,6,86,25,5,2,87,8,100,CRITICAL
HIST_0203,M003,10,10,72,16,5,0,68,4,100,CRITICAL
HIST_0204,M002,3,5,94,15,3,3,53,2,83.35,CRITICAL
HIST_0205,M010,4,1,77,24,8,8,47,5,100,CRITICAL
HIST_0206,M008,2,9,69,4,2,2,98,2,75.15,CRITICAL
HIST_0207,M008,0,6,68,21,3,7,84,4,100,CRITICAL
HIST_0208,M008,3,8,60,9,7,3,68,7,100,CRITICAL
HIST_0209,M004,12,4,94,12,8,8,71,2,100,CRITICAL
HIST_0210,M006,12,9,53,27,4,0,86,7,100,CRITICAL
HIST_0211,M003,8,1,90,27,8,1,63,1,100,CRITICAL
HIST_0212,M006,4,7,77,4,6,1,59,7,100,CRITICAL
HIST_0213,M002,0,6,48,12,8,5,60,6,100,CRITICAL
HIST_0214,M003,5,3,46,10,1,5,95,2,80.65,CRITICAL
HIST_0215,M002,0,4,98,15,2,7,73,0,64.95,HIGH
HIST_0216,M007,0,4,58,26,2,8,91,8,100,CRITICAL
HIST_0217,M010,1,4,60,9,1,0,60,6,74.8,HIGH
HIST_0218,M010,7,1,52,26,7,8,46,8,100,CRITICAL
HIST_0219,M003,3,2,63,13,0,5,60,6,86.05,CRITICAL
HIST_0220,M009,10,10,50,16,5,1,78,8,100,CRITICAL
HIST_0221,M006,12,8,80,0,6,7,47,6,100,CRITICAL
HIST_0222,M010,4,0,67,25,1,5,60,1,82.05,CRITICAL
HIST_0223,M008,11,5,53,1,5,8,66,2,100,CRITICAL
HIST_0224,M001,11,7,85,5,2,1,90,7,100,CRITICAL
HIST_0225,M009,4,3,47,25,3,0,65,4,100,CRITICAL
HIST_0226,M001,6,8,75,8,0,3,63,5,100,CRITICAL
HIST_0227,M007,10,5,62,3,5,6,70,7,100,CRITICAL
HIST_0228,M005,5,2,76,22,7,5,96,8,100,CRITICAL
HIST_0229,M009,12,1,91,13,1,6,83,2,87.0,CRITICAL
HIST_0230,M010,4,5,51,2,5,4,64,7,100,CRITICAL
HIST_0231,M006,11,6,55,22,7,5,73,0,100,CRITICAL
HIST_0232,M006,9,6,62,20,0,1,87,6,100,CRITICAL
HIST_0233,M001,8,10,55,30,0,2,99,7,100,CRITICAL
HIST_0234,M010,2,1,60,24,5,5,69,0,88.05,CRITICAL
HIST_0235,M010,2,10,73,30,5,5,73,1,100,CRITICAL
HIST_0236,M001,2,8,68,12,5,4,60,1,100,CRITICAL
HIST_0237,M005,11,2,76,16,6,8,52,4,100,CRITICAL
HIST_0238,M003,11,7,58,19,4,7,57,1,100,CRITICAL
HIST_0239,M006,1,7,56,28,7,1,96,5,100,CRITICAL
HIST_0240,M003,11,1,80,17,4,4,99,2,92.65,CRITICAL
HIST_0241,M004,12,5,77,7,1,3,95,2,90.2,CRITICAL
HIST_0242,M003,12,7,46,11,8,5,74,8,100,CRITICAL
HIST_0243,M007,9,1,49,9,6,7,78,6,100,CRITICAL
HIST_0244,M006,9,1,53,10,1,7,74,8,100,CRITICAL
HIST_0245,M001,2,8,85,18,2,2,72,8,100,CRITICAL
HIST_0246,M006,1,8,54,9,2,2,65,3,90.65,CRITICAL
HIST_0247,M005,8,4,99,2,4,3,85,8,90.0,CRITICAL
HIST_0248,M010,2,10,64,19,8,1,77,2,100,CRITICAL
HIST_0249,M002,9,2,55,21,5,0,97,0,91.7,CRITICAL
HIST_0250,M010,0,10,94,18,4,3,94,6,100,CRITICAL
HIST_0251,M008,10,0,76,28,8,4,86,4,100,CRITICAL
HIST_0252,M003,3,10,70,9,7,1,89,0,96.55,CRITICAL
HIST_0253,M006,7,6,75,14,3,5,83,2,100,CRITICAL
HIST_0254,M009,11,5,91,27,5,6,53,5,100,CRITICAL
HIST_0255,M004,8,1,65,7,7,1,62,7,100,CRITICAL
HIST_0256,M006,2,1,48,9,6,6,60,2,88.0,CRITICAL
HIST_0257,M008,9,5,57,24,2,7,77,7,100,CRITICAL
HIST_0258,M004,4,7,46,2,6,8,74,3,100,CRITICAL
HIST_0259,M005,9,5,48,1,4,7,83,7,100,CRITICAL
HIST_0260,M007,8,0,99,3,6,2,61,5,75.7,CRITICAL
HIST_0261,M005,5,0,70,1,8,3,68,8,90.2,CRITICAL
HIST_0262,M003,1,6,77,14,8,4,97,1,89.6,CRITICAL
HIST_0263,M004,1,6,68,25,5,8,68,2,100,CRITICAL
HIST_0264,M006,9,8,70,16,0,0,47,2,100,CRITICAL
HIST_0265,M010,12,7,78,14,2,8,53,5,100,CRITICAL
HIST_0266,M009,5,2,70,19,4,5,77,8,100,CRITICAL
HIST_0267,M007,7,9,64,15,0,5,66,1,100,CRITICAL
HIST_0268,M001,9,4,95,28,0,7,61,3,100,CRITICAL
HIST_0269,M001,9,7,55,16,6,2,97,3,100,CRITICAL
HIST_0270,M007,9,1,57,0,7,5,71,2,92.8,CRITICAL
HIST_0271,M009,11,3,71,16,7,0,90,2,100,CRITICAL
HIST_0272,M003,3,8,65,21,7,8,69,5,100,CRITICAL
HIST_0273,M004,7,8,66,17,5,4,84,7,100,CRITICAL
HIST_0274,M004,3,4,80,9,3,4,94,4,75.3,CRITICAL
HIST_0275,M005,11,7,65,15,5,8,95,4,100,CRITICAL
HIST_0276,M003,1,9,88,17,6,6,97,5,100,CRITICAL
HIST_0277,M008,4,0,63,30,1,5,73,4,95.2,CRITICAL
HIST_0278,M003,3,3,97,17,4,8,89,4,89.2,CRITICAL
HIST_0279,M004,1,9,92,18,3,3,48,8,100,CRITICAL
HIST_0280,M002,10,3,48,3,6,5,90,7,100,CRITICAL
HIST_0281,M008,10,2,45,30,8,2,71,7,100,CRITICAL
HIST_0282,M002,10,3,93,30,4,5,63,0,100,CRITICAL
HIST_0283,M001,10,9,59,17,0,2,71,2,100,CRITICAL
HIST_0284,M010,6,7,56,29,4,0,45,4,100,CRITICAL
HIST_0285,M003,9,1,66,9,7,8,78,7,100,CRITICAL
HIST_0286,M005,8,7,62,6,1,5,55,7,100,CRITICAL
HIST_0287,M003,11,2,45,23,5,4,81,3,100,CRITICAL
HIST_0288,M007,9,10,70,26,6,8,65,1,100,CRITICAL
HIST_0289,M005,10,1,56,4,7,5,60,0,97.7,CRITICAL
HIST_0290,M005,6,3,73,24,4,5,64,0,100,CRITICAL
HIST_0291,M003,10,5,89,7,0,1,74,4,83.25,CRITICAL
HIST_0292,M006,6,10,77,29,4,1,85,4,100,CRITICAL
HIST_0293,M010,9,3,59,30,2,7,54,7,100,CRITICAL
HIST_0294,M004,5,6,89,17,7,8,96,3,100,CRITICAL
HIST_0295,M006,10,9,100,25,1,8,73,8,100,CRITICAL
HIST_0296,M003,1,9,52,1,8,8,57,8,100,CRITICAL
HIST_0297,M010,2,5,99,16,7,1,88,3,81.05,CRITICAL
HIST_0298,M007,7,1,77,14,0,7,53,8,100,CRITICAL
HIST_0299,M007,7,9,48,17,7,4,91,0,100,CRITICAL
HIST_0300,M002,4,0,92,6,1,0,72,5,47.0,MEDIUM
HIST_0301,M003,8,0,49,29,7,0,63,6,100,CRITICAL
HIST_0302,M007,12,2,94,20,6,5,69,7,100,CRITICAL
HIST_0303,M002,6,1,88,30,8,2,86,5,100,CRITICAL
HIST_0304,M001,2,8,70,16,2,3,98,0,81.7,CRITICAL
HIST_0305,M004,4,7,88,23,8,6,79,6,100,CRITICAL
HIST_0306,M001,3,7,67,4,4,3,91,1,78.1,CRITICAL
HIST_0307,M002,12,10,71,19,0,3,58,1,100,CRITICAL
HIST_0308,M007,9,0,73,19,0,3,92,0,68.75,HIGH
HIST_0309,M004,7,3,79,6,0,2,77,4,70.3,HIGH
HIST_0310,M009,11,9,65,18,5,3,64,2,100,CRITICAL
HIST_0311,M007,3,6,64,8,0,8,82,2,85.7,CRITICAL
HIST_0312,M007,8,7,48,11,6,8,65,6,100,CRITICAL
HIST_0313,M005,2,4,69,5,8,7,60,3,99.35,CRITICAL
HIST_0314,M009,11,2,96,14,0,8,71,6,100,CRITICAL
HIST_0315,M008,8,2,69,7,4,3,66,1,82.25,CRITICAL
HIST_0316,M010,5,1,79,23,3,0,62,6,90.45,CRITICAL
HIST_0317,M004,9,0,100,2,3,8,58,7,89.9,CRITICAL
HIST_0318,M004,5,4,45,6,3,1,92,7,91.95,CRITICAL
HIST_0319,M005,11,9,90,6,6,3,80,5,100,CRITICAL
HIST_0320,M009,6,7,79,20,5,4,61,5,100,CRITICAL
HIST_0321,M006,7,7,51,25,7,5,58,5,100,CRITICAL
HIST_0322,M009,6,0,81,27,3,2,46,4,96.55,CRITICAL
HIST_0323,M004,9,9,91,13,4,2,57,5,100,CRITICAL
HIST_0324,M005,6,9,98,7,7,8,86,5,100,CRITICAL
HIST_0325,M003,12,7,91,20,7,7,55,5,100,CRITICAL
HIST_0326,M002,2,8,76,5,8,0,78,0,81.9,CRITICAL
HIST_0327,M002,10,0,93,0,6,2,98,3,64.95,HIGH
HIST_0328,M010,11,2,45,6,8,7,68,0,100,CRITICAL
HIST_0329,M009,10,10,84,29,7,7,46,0,100,CRITICAL
HIST_0330,M001,8,6,45,0,8,4,79,4,100,CRITICAL
HIST_0331,M003,8,10,72,25,2,1,51,8,100,CRITICAL
HIST_0332,M002,3,3,84,16,4,5,62,6,97.8,CRITICAL
HIST_0333,M001,5,6,74,18,3,3,64,1,98.2,CRITICAL
HIST_0334,M003,1,6,69,12,8,7,48,0,100,CRITICAL
HIST_0335,M004,1,7,99,13,5,1,78,0,69.95,HIGH
HIST_0336,M009,3,9,75,8,0,1,88,4,80.85,CRITICAL
HIST_0337,M007,9,10,47,5,5,0,58,2,100,CRITICAL
HIST_0338,M006,1,4,55,18,3,6,88,8,100,CRITICAL
HIST_0339,M001,6,2,95,22,1,8,92,5,94.15,CRITICAL
HIST_0340,M006,1,6,59,26,1,5,83,6,100,CRITICAL
HIST_0341,M009,0,10,62,25,7,7,59,5,100,CRITICAL
HIST_0342,M004,6,6,56,21,6,1,94,4,100,CRITICAL
HIST_0343,M007,11,1,50,8,2,6,90,2,93.6,CRITICAL
HIST_0344,M005,5,5,51,2,0,4,73,5,86.3,CRITICAL
HIST_0345,M009,1,2,50,5,6,7,80,8,99.0,CRITICAL
HIST_0346,M007,6,1,46,2,5,8,50,5,100,CRITICAL
HIST_0347,M003,0,4,71,12,1,8,60,8,97.55,CRITICAL
HIST_0348,M003,10,6,55,4,4,4,62,7,100,CRITICAL
HIST_0349,M006,1,2,72,8,6,4,75,1,67.65,HIGH
HIST_0350,M003,4,3,91,20,7,3,74,1,89.15,CRITICAL
HIST_0351,M007,4,0,70,10,6,5,73,5,86.75,CRITICAL
HIST_0352,M003,10,9,53,9,5,3,75,5,100,CRITICAL
HIST_0353,M005,6,5,63,23,7,3,65,6,100,CRITICAL
HIST_0354,M001,12,6,68,3,3,8,56,8,100,CRITICAL
HIST_0355,M007,11,7,90,6,7,4,98,1,100,CRITICAL
HIST_0356,M007,10,7,53,20,4,3,61,2,100,CRITICAL
HIST_0357,M007,12,6,49,14,7,6,79,8,100,CRITICAL
HIST_0358,M002,8,0,95,30,5,8,83,1,100,CRITICAL
HIST_0359,M010,12,3,87,21,5,2,86,0,100,CRITICAL
HIST_0360,M002,10,10,86,12,5,6,51,0,100,CRITICAL
HIST_0361,M008,4,3,77,23,8,8,82,3,100,CRITICAL
HIST_0362,M008,5,6,74,24,8,2,67,0,100,CRITICAL
HIST_0363,M006,1,4,71,29,1,1,98,2,75.95,CRITICAL
HIST_0364,M008,4,5,74,25,3,8,75,5,100,CRITICAL
HIST_0365,M001,1,7,91,22,7,5,49,4,100,CRITICAL
HIST_0366,M004,12,1,46,27,5,1,88,2,100,CRITICAL
HIST_0367,M004,8,2,80,5,5,8,72,7,100,CRITICAL
HIST_0368,M010,12,6,85,5,2,6,70,0,99.75,CRITICAL
HIST_0369,M004,3,7,82,13,6,0,90,3,88.4,CRITICAL
HIST_0370,M004,4,1,81,3,8,2,68,5,78.25,CRITICAL
HIST_0371,M010,7,1,61,21,7,8,85,5,100,CRITICAL
HIST_0372,M010,6,9,70,18,1,5,67,7,100,CRITICAL
HIST_0373,M006,2,10,90,25,4,1,88,2,100,CRITICAL
HIST_0374,M009,1,3,64,3,2,5,89,2,58.45,HIGH
HIST_0375,M009,6,6,83,4,6,6,56,7,100,CRITICAL
HIST_0376,M003,11,10,56,17,2,7,63,2,100,CRITICAL
HIST_0377,M004,5,7,84,1,5,0,76,2,76.8,CRITICAL
HIST_0378,M007,6,8,77,20,7,6,88,7,100,CRITICAL
HIST_0379,M005,11,7,76,5,1,0,95,3,88.65,CRITICAL
HIST_0380,M010,0,4,59,17,4,2,94,7,90.25,CRITICAL
HIST_0381,M006,11,7,80,16,1,1,62,8,100,CRITICAL
HIST_0382,M002,8,0,93,23,7,8,58,6,100,CRITICAL
HIST_0383,M006,11,10,93,7,4,0,73,4,100,CRITICAL
HIST_0384,M010,1,7,100,3,3,3,96,5,67.1,HIGH
HIST_0385,M001,10,6,55,19,2,3,97,3,100,CRITICAL
HIST_0386,M005,9,5,79,8,8,2,65,4,100,CRITICAL
HIST_0387,M001,9,4,99,16,1,2,93,6,90.3,CRITICAL
HIST_0388,M004,4,10,53,22,2,3,54,5,100,CRITICAL
HIST_0389,M007,12,10,70,15,2,4,85,6,100,CRITICAL
HIST_0390,M006,7,1,85,25,1,6,77,4,96.0,CRITICAL
HIST_0391,M006,7,7,65,18,0,1,91,7,100,CRITICAL
HIST_0392,M006,1,8,70,6,6,3,76,4,96.2,CRITICAL
HIST_0393,M001,4,5,80,18,2,7,95,5,100,CRITICAL
HIST_0394,M008,0,1,85,25,7,0,52,2,78.25,CRITICAL
HIST_0395,M002,7,0,72,6,2,4,55,4,77.25,CRITICAL
HIST_0396,M005,10,5,61,2,5,2,48,6,100,CRITICAL
HIST_0397,M008,11,3,72,20,1,1,45,3,100,CRITICAL
HIST_0398,M006,1,2,82,7,8,7,45,0,80.95,CRITICAL
HIST_0399,M002,1,6,89,4,7,1,59,6,87.4,CRITICAL
HIST_0400,M003,11,1,51,10,5,4,53,6,100,CRITICAL
HIST_0401,M008,10,10,54,2,8,0,84,2,100,CRITICAL
HIST_0402,M004,5,3,85,23,2,6,84,7,100,CRITICAL
HIST_0403,M006,1,1,53,24,1,6,67,6,96.5,CRITICAL
HIST_0404,M001,12,2,60,8,1,3,80,4,95.1,CRITICAL
HIST_0405,M005,10,4,58,16,8,3,92,6,100,CRITICAL
HIST_0406,M004,10,0,95,28,3,7,69,1,100,CRITICAL
HIST_0407,M003,7,10,83,2,8,0,68,5,100,CRITICAL
HIST_0408,M002,6,9,71,11,8,2,93,7,100,CRITICAL
HIST_0409,M007,0,9,49,0,4,3,47,0,86.6,CRITICAL
HIST_0410,M002,8,4,85,22,8,6,72,6,100,CRITICAL
HIST_0411,M002,10,8,79,19,2,4,50,4,100,CRITICAL
HIST_0412,M005,8,3,96,4,8,5,70,1,89.2,CRITICAL
HIST_0413,M007,11,6,91,30,3,0,60,1,100,CRITICAL
HIST_0414,M002,1,7,84,19,0,4,87,2,78.65,CRITICAL
HIST_0415,M009,0,2,89,0,2,7,67,8,67.6,HIGH
HIST_0416,M001,12,4,55,11,2,4,91,1,100,CRITICAL
HIST_0417,M008,5,6,62,16,1,4,90,1,90.0,CRITICAL
HIST_0418,M005,7,8,68,1,7,2,68,2,100,CRITICAL
HIST_0419,M001,12,1,81,21,1,3,92,8,100,CRITICAL
HIST_0420,M003,0,0,60,1,7,5,69,2,62.45,HIGH
HIST_0421,M007,0,8,96,29,6,3,65,3,100,CRITICAL
HIST_0422,M001,11,5,62,26,1,5,52,8,100,CRITICAL
HIST_0423,M005,2,3,96,16,0,6,49,7,87.35,CRITICAL
HIST_0424,M004,12,4,65,2,8,7,45,5,100,CRITICAL
HIST_0425,M004,4,9,95,9,3,7,68,7,100,CRITICAL
HIST_0426,M001,11,8,93,25,3,2,45,6,100,CRITICAL
HIST_0427,M005,3,8,67,20,0,5,45,6,100,CRITICAL
HIST_0428,M005,1,3,78,7,6,7,48,2,85.6,CRITICAL
HIST_0429,M008,1,0,59,28,8,6,89,5,100,CRITICAL
HIST_0430,M002,11,1,82,3,8,2,85,6,97.65,CRITICAL
HIST_0431,M006,9,9,48,13,2,3,63,4,100,CRITICAL
HIST_0432,M004,12,6,89,26,5,5,73,4,100,CRITICAL
HIST_0433,M008,1,3,53,24,1,2,51,2,86.5,CRITICAL
HIST_0434,M008,7,5,71,3,8,5,94,3,100,CRITICAL
HIST_0435,M010,4,7,61,27,1,1,55,4,100,CRITICAL
HIST_0436,M006,0,3,98,27,5,2,50,3,86.6,CRITICAL
HIST_0437,M001,6,8,48,21,4,4,97,2,100,CRITICAL
HIST_0438,M002,6,7,80,23,8,3,51,7,100,CRITICAL
HIST_0439,M007,12,2,52,0,0,3,53,3,89.05,CRITICAL
HIST_0440,M001,5,10,85,30,1,4,97,1,100,CRITICAL
HIST_0441,M002,1,3,86,14,2,1,99,5,60.45,HIGH
HIST_0442,M007,0,7,48,5,6,6,76,0,91.2,CRITICAL
HIST_0443,M008,10,6,56,11,3,2,62,4,100,CRITICAL
HIST_0444,M009,2,0,84,19,3,4,76,6,77.4,CRITICAL
HIST_0445,M009,7,0,50,8,6,2,71,3,87.35,CRITICAL
HIST_0446,M008,3,10,96,17,0,6,95,5,100,CRITICAL
HIST_0447,M003,8,7,67,29,8,5,69,4,100,CRITICAL
HIST_0448,M009,0,5,83,7,0,4,48,7,78.35,CRITICAL
HIST_0449,M005,5,9,59,5,1,3,87,3,94.1,CRITICAL
HIST_0450,M003,8,0,93,30,3,6,67,2,100,CRITICAL
HIST_0451,M010,3,9,65,25,5,0,90,5,100,CRITICAL
HIST_0452,M003,9,2,81,30,3,7,79,4,100,CRITICAL
HIST_0453,M008,7,0,50,1,3,3,46,8,93.7,CRITICAL
HIST_0454,M006,0,5,84,6,2,5,90,2,59.8,HIGH
HIST_0455,M006,0,0,54,18,2,1,99,8,70.45,HIGH
HIST_0456,M006,1,5,90,30,6,1,66,4,100,CRITICAL
HIST_0457,M003,2,2,91,30,6,7,86,5,100,CRITICAL
HIST_0458,M007,11,8,89,28,5,3,87,2,100,CRITICAL
HIST_0459,M003,4,4,53,5,0,6,99,0,65.7,HIGH
HIST_0460,M006,9,5,96,30,3,1,76,2,100,CRITICAL
HIST_0461,M006,11,1,60,11,5,2,85,1,90.95,CRITICAL
HIST_0462,M002,7,0,61,6,3,1,67,4,73.6,HIGH
HIST_0463,M008,11,0,48,12,7,6,55,6,100,CRITICAL
HIST_0464,M003,6,5,79,12,1,7,95,3,90.5,CRITICAL
HIST_0465,M005,7,1,96,27,0,4,46,5,97.3,CRITICAL
HIST_0466,M009,1,1,66,5,6,2,91,1,53.15,MEDIUM
HIST_0467,M010,1,5,83,19,7,0,72,2,85.75,CRITICAL
HIST_0468,M009,6,2,48,3,5,3,57,6,99.05,CRITICAL
HIST_0469,M001,11,8,61,21,4,4,60,1,100,CRITICAL
HIST_0470,M001,6,9,80,26,7,2,48,5,100,CRITICAL
HIST_0471,M004,6,1,63,26,7,3,51,0,100,CRITICAL
HIST_0472,M008,2,10,63,2,7,1,64,6,100,CRITICAL
HIST_0473,M007,7,10,61,2,8,6,56,5,100,CRITICAL
HIST_0474,M004,5,2,73,1,4,7,74,4,81.65,CRITICAL
HIST_0475,M009,4,9,48,4,1,1,87,5,94.75,CRITICAL
HIST_0476,M007,6,9,59,17,0,6,97,8,100,CRITICAL
HIST_0477,M002,8,10,100,29,7,3,75,4,100,CRITICAL
HIST_0478,M003,6,0,77,18,8,2,52,7,100,CRITICAL
HIST_0479,M007,2,3,96,6,2,0,72,1,42.6,MEDIUM
HIST_0480,M002,3,10,54,26,4,5,91,1,100,CRITICAL
HIST_0481,M001,6,8,70,17,5,4,78,7,100,CRITICAL
HIST_0482,M003,12,9,82,16,6,1,71,2,100,CRITICAL
HIST_0483,M005,9,9,82,24,1,1,81,1,100,CRITICAL
HIST_0484,M001,8,5,71,8,6,7,81,7,100,CRITICAL
HIST_0485,M004,2,4,70,4,6,0,70,5,77.8,CRITICAL
HIST_0486,M005,0,7,62,28,5,0,66,4,100,CRITICAL
HIST_0487,M008,4,7,99,22,1,3,53,4,100,CRITICAL
HIST_0488,M004,12,5,62,23,6,1,57,7,100,CRITICAL
HIST_0489,M002,6,7,93,16,5,0,77,2,94.4,CRITICAL
HIST_0490,M004,4,8,70,4,8,0,56,3,100,CRITICAL
HIST_0491,M005,0,3,47,14,0,5,90,3,71.35,HIGH
HIST_0492,M008,5,7,77,12,1,0,60,5,93.45,CRITICAL
HIST_0493,M003,9,7,56,30,7,8,67,5,100,CRITICAL
HIST_0494,M004,4,1,63,0,6,0,55,3,67.2,HIGH
HIST_0495,M001,10,3,88,6,4,6,77,0,86.15,CRITICAL
HIST_0496,M005,7,2,86,5,0,3,61,4,69.15,HIGH
HIST_0497,M005,6,6,99,11,7,4,58,7,100,CRITICAL
HIST_0498,M006,10,8,97,19,6,1,45,8,100,CRITICAL
HIST_0499,M008,8,10,83,19,4,4,88,1,100,CRITICAL
HIST_0500,M004,1,5,62,20,5,4,61,4,100,CRITICAL
HIST_0501,M003,2,8,93,7,0,6,87,5,82.1,CRITICAL
HIST_0502,M007,11,0,86,15,4,4,71,6,100,CRITICAL
HIST_0503,M009,11,0,82,22,3,5,91,3,98.45,CRITICAL
HIST_0504,M009,10,7,87,11,8,4,99,2,100,CRITICAL
HIST_0505,M003,2,4,51,15,2,4,91,8,99.4,CRITICAL
HIST_0506,M007,10,5,86,2,3,5,59,4,100,CRITICAL
HIST_0507,M008,12,5,68,8,4,7,99,1,100,CRITICAL
HIST_0508,M002,0,10,82,18,1,7,57,8,100,CRITICAL
HIST_0509,M003,10,6,78,9,6,0,100,2,96.5,CRITICAL
HIST_0510,M002,3,5,71,18,7,2,65,2,100,CRITICAL
HIST_0511,M005,7,5,85,5,5,0,45,7,100,CRITICAL
HIST_0512,M003,3,2,81,24,2,7,95,1,80.2,CRITICAL
HIST_0513,M001,9,6,85,13,6,6,75,6,100,CRITICAL
HIST_0514,M004,0,8,57,23,5,0,65,8,100,CRITICAL
HIST_0515,M005,0,10,45,20,3,3,89,5,100,CRITICAL
HIST_0516,M005,2,1,69,16,4,2,49,0,69.8,HIGH
HIST_0517,M006,4,7,91,16,8,5,72,2,100,CRITICAL
HIST_0518,M004,7,5,93,6,2,6,46,3,94.15,CRITICAL
HIST_0519,M006,11,2,58,23,0,8,55,1,100,CRITICAL
HIST_0520,M010,11,10,95,1,6,4,94,8,100,CRITICAL
HIST_0521,M007,0,9,48,21,1,0,48,1,98.4,CRITICAL
HIST_0522,M004,7,6,52,17,4,7,89,2,100,CRITICAL
HIST_0523,M009,11,10,85,0,4,6,87,1,100,CRITICAL
HIST_0524,M009,4,9,83,22,2,6,98,1,100,CRITICAL
HIST_0525,M010,11,9,52,9,1,1,76,3,100,CRITICAL
HIST_0526,M005,3,4,98,16,3,5,90,6,86.9,CRITICAL
HIST_0527,M001,2,0,80,15,3,7,66,3,75.0,CRITICAL
HIST_0528,M009,0,10,50,29,1,7,54,1,100,CRITICAL
HIST_0529,M008,1,1,61,20,3,7,63,4,92.4,CRITICAL
HIST_0530,M007,0,1,97,5,0,4,68,5,44.05,MEDIUM
HIST_0531,M003,11,1,51,27,0,0,99,2,92.8,CRITICAL
HIST_0532,M003,5,5,73,30,4,1,68,5,100,CRITICAL
HIST_0533,M008,1,6,70,30,7,4,98,6,100,CRITICAL
HIST_0534,M003,12,6,86,28,2,1,53,0,100,CRITICAL
HIST_0535,M006,1,6,82,15,7,2,84,6,99.3,CRITICAL
HIST_0536,M007,9,0,100,21,2,7,76,1,84.7,CRITICAL
HIST_0537,M010,7,0,49,8,5,0,90,8,89.95,CRITICAL
HIST_0538,M007,11,9,59,30,5,8,78,1,100,CRITICAL
HIST_0539,M010,10,3,75,11,6,2,98,8,100,CRITICAL
HIST_0540,M008,0,0,86,29,2,8,99,7,86.95,CRITICAL
HIST_0541,M001,2,1,93,15,5,3,66,4,73.45,HIGH
HIST_0542,M002,8,3,80,20,6,6,97,3,100,CRITICAL
HIST_0543,M008,7,7,96,18,7,1,99,7,100,CRITICAL
HIST_0544,M001,5,1,76,23,0,1,70,6,83.0,CRITICAL
HIST_0545,M004,8,8,45,26,1,4,77,8,100,CRITICAL
HIST_0546,M004,10,10,74,30,5,5,97,0,100,CRITICAL
HIST_0547,M002,7,5,80,24,7,5,90,7,100,CRITICAL
HIST_0548,M009,1,10,59,0,5,5,98,4,97.35,CRITICAL
HIST_0549,M007,8,5,89,3,0,2,76,2,68.45,HIGH
HIST_0550,M004,1,4,84,6,3,1,99,6,61.55,HIGH
HIST_0551,M008,7,3,90,10,1,6,47,1,82.75,CRITICAL
HIST_0552,M009,7,10,82,30,8,2,76,0,100,CRITICAL
HIST_0553,M010,11,0,80,29,6,7,77,2,100,CRITICAL
HIST_0554,M010,2,2,51,12,5,8,69,6,100,CRITICAL
HIST_0555,M003,11,3,62,12,5,4,73,2,100,CRITICAL
HIST_0556,M006,6,9,89,28,8,4,98,8,100,CRITICAL
HIST_0557,M006,11,8,85,6,3,3,84,4,100,CRITICAL
HIST_0558,M002,10,2,90,20,2,8,79,5,100,CRITICAL
HIST_0559,M001,12,5,80,15,6,8,63,6,100,CRITICAL
HIST_0560,M004,8,1,46,12,2,0,87,0,70.55,HIGH
HIST_0561,M005,4,2,63,21,4,2,98,0,75.65,CRITICAL
HIST_0562,M004,3,8,47,11,7,1,84,8,100,CRITICAL
HIST_0563,M001,11,10,80,12,3,8,95,4,100,CRITICAL
HIST_0564,M005,6,6,71,30,5,8,48,0,100,CRITICAL
HIST_0565,M010,3,9,100,24,7,3,85,5,100,CRITICAL
HIST_0566,M002,8,9,57,24,3,4,73,2,100,CRITICAL
HIST_0567,M005,2,2,92,16,1,6,47,6,85.25,CRITICAL
HIST_0568,M003,8,4,53,5,4,0,66,7,100,CRITICAL
HIST_0569,M006,0,2,65,19,0,4,76,8,83.05,CRITICAL
HIST_0570,M003,1,5,78,7,2,8,49,8,100,CRITICAL
HIST_0571,M006,6,8,79,12,1,5,59,3,100,CRITICAL
HIST_0572,M002,5,5,63,6,8,7,80,0,100,CRITICAL
HIST_0573,M007,10,5,73,7,3,0,88,5,94.85,CRITICAL
HIST_0574,M006,12,1,69,8,8,4,46,8,100,CRITICAL
HIST_0575,M006,8,8,73,15,0,4,86,3,100,CRITICAL
HIST_0576,M004,8,1,51,5,8,8,45,1,100,CRITICAL
HIST_0577,M007,10,10,94,6,6,1,58,8,100,CRITICAL
HIST_0578,M001,10,1,92,21,2,0,74,5,89.5,CRITICAL
HIST_0579,M005,1,1,48,5,4,8,49,3,84.95,CRITICAL
HIST_0580,M007,6,6,73,20,6,6,65,0,100,CRITICAL
HIST_0581,M006,10,1,79,0,1,0,89,1,50.1,MEDIUM
HIST_0582,M007,8,1,63,25,4,1,63,7,100,CRITICAL
HIST_0583,M007,6,10,46,15,2,8,59,2,100,CRITICAL
HIST_0584,M001,12,8,63,30,2,4,88,5,100,CRITICAL
HIST_0585,M009,8,8,54,3,0,0,81,6,98.45,CRITICAL
HIST_0586,M003,8,1,64,6,5,3,71,8,100,CRITICAL
HIST_0587,M010,2,2,59,19,4,3,52,2,88.65,CRITICAL
HIST_0588,M005,0,8,74,20,8,1,63,1,100,CRITICAL
HIST_0589,M004,1,3,91,18,7,5,67,2,87.5,CRITICAL
HIST_0590,M006,1,4,84,2,3,5,76,7,75.5,CRITICAL
HIST_0591,M007,9,10,64,22,2,5,96,5,100,CRITICAL
HIST_0592,M003,2,0,65,7,3,6,62,5,75.15,CRITICAL
HIST_0593,M008,10,5,75,14,7,5,94,4,100,CRITICAL
HIST_0594,M009,8,1,56,20,1,4,99,2,86.65,CRITICAL
HIST_0595,M001,3,4,91,28,1,1,46,8,100,CRITICAL
HIST_0596,M009,9,9,70,24,3,0,80,4,100,CRITICAL
HIST_0597,M010,8,7,86,24,2,5,70,3,100,CRITICAL
HIST_0598,M006,11,4,53,14,8,8,50,6,100,CRITICAL
HIST_0599,M003,8,0,87,7,2,8,53,7,95.7,CRITICAL
HIST_0600,M004,2,9,81,21,2,7,67,0,100,CRITICAL
HIST_0601,M004,12,7,59,2,4,5,59,0,100,CRITICAL
HIST_0602,M002,8,5,69,15,7,0,47,5,100,CRITICAL
HIST_0603,M010,11,8,85,26,4,4,82,8,100,CRITICAL
HIST_0604,M007,2,6,86,12,5,1,78,4,84.3,CRITICAL
HIST_0605,M010,3,8,70,11,5,7,95,7,100,CRITICAL
HIST_0606,M005,0,8,53,14,2,3,49,8,100,CRITICAL
HIST_0607,M007,3,2,56,5,5,1,87,3,68.15,HIGH
HIST_0608,M010,12,5,91,3,7,7,75,3,100,CRITICAL
HIST_0609,M010,2,10,98,13,0,3,47,2,89.05,CRITICAL
HIST_0610,M001,9,2,53,20,8,0,81,2,100,CRITICAL
HIST_0611,M002,2,4,56,16,6,0,91,4,88.85,CRITICAL
HIST_0612,M010,3,7,83,15,7,2,59,6,100,CRITICAL
HIST_0613,M006,2,9,97,24,2,8,61,2,100,CRITICAL
HIST_0614,M002,7,9,82,2,3,6,69,2,100,CRITICAL
HIST_0615,M010,0,3,78,27,8,6,97,2,97.85,CRITICAL
HIST_0616,M002,1,2,75,28,0,8,77,1,82.1,CRITICAL
HIST_0617,M009,7,10,53,28,8,0,94,6,100,CRITICAL
HIST_0618,M007,6,5,100,1,8,6,59,7,100,CRITICAL
HIST_0619,M008,5,9,96,23,1,6,53,4,100,CRITICAL
HIST_0620,M004,12,3,99,2,4,8,71,4,100,CRITICAL
HIST_0621,M004,0,0,81,16,1,8,45,6,80.6,CRITICAL
HIST_0622,M005,11,5,71,11,1,2,72,4,100,CRITICAL
HIST_0623,M007,8,6,81,11,4,6,93,3,100,CRITICAL
HIST_0624,M005,8,8,75,5,5,8,80,7,100,CRITICAL
HIST_0625,M004,4,9,67,24,6,2,99,1,100,CRITICAL
HIST_0626,M009,7,2,51,6,8,6,95,5,100,CRITICAL
HIST_0627,M002,9,10,90,1,2,6,85,0,96.45,CRITICAL
HIST_0628,M006,2,7,83,13,1,1,61,3,79.8,CRITICAL
HIST_0629,M005,1,9,47,23,6,6,84,8,100,CRITICAL
HIST_0630,M004,11,9,48,30,2,7,73,0,100,CRITICAL
HIST_0631,M010,10,8,63,6,0,8,78,3,100,CRITICAL
HIST_0632,M005,2,10,47,11,3,0,55,1,100,CRITICAL
HIST_0633,M009,12,6,67,21,6,6,82,3,100,CRITICAL
HIST_0634,M006,0,1,50,17,4,8,82,5,93.4,CRITICAL
HIST_0635,M005,4,3,83,30,3,7,70,0,99.95,CRITICAL
HIST_0636,M006,2,6,77,3,8,1,77,4,85.9,CRITICAL
HIST_0637,M007,1,8,61,28,8,4,89,7,100,CRITICAL
HIST_0638,M010,9,7,94,7,5,7,88,7,100,CRITICAL
HIST_0639,M004,0,7,52,8,1,6,85,3,85.15,CRITICAL
HIST_0640,M005,12,5,71,30,5,8,79,0,100,CRITICAL
HIST_0641,M008,3,4,50,12,5,1,80,2,85.4,CRITICAL
HIST_0642,M008,5,5,58,28,4,2,92,3,100,CRITICAL
HIST_0643,M004,11,3,60,23,3,4,58,3,100,CRITICAL
HIST_0644,M010,3,9,67,4,1,1,50,7,100,CRITICAL
HIST_0645,M008,0,8,47,27,7,5,84,5,100,CRITICAL
HIST_0646,M010,9,4,76,5,8,4,70,3,100,CRITICAL
HIST_0647,M009,2,0,78,25,6,7,79,0,84.45,CRITICAL
HIST_0648,M008,5,6,100,21,2,7,52,8,100,CRITICAL
HIST_0649,M006,5,0,45,21,3,6,82,1,90.95,CRITICAL
HIST_0650,M005,5,9,100,8,2,8,61,3,100,CRITICAL
HIST_0651,M007,7,9,66,11,2,7,72,3,100,CRITICAL
HIST_0652,M010,11,5,68,27,6,4,73,2,100,CRITICAL
HIST_0653,M009,2,9,88,7,1,4,96,3,77.6,CRITICAL
HIST_0654,M003,6,6,57,4,2,7,96,0,86.35,CRITICAL
HIST_0655,M008,6,7,53,28,8,8,91,5,100,CRITICAL
HIST_0656,M001,4,4,80,27,0,6,51,2,100,CRITICAL
HIST_0657,M005,3,4,75,26,1,7,92,5,100,CRITICAL
HIST_0658,M002,5,5,80,17,4,5,46,6,100,CRITICAL
HIST_0659,M006,5,10,83,6,8,2,94,4,100,CRITICAL
HIST_0660,M008,5,10,77,15,7,1,69,4,100,CRITICAL
HIST_0661,M002,10,2,100,5,5,6,85,6,95.75,CRITICAL
HIST_0662,M005,1,2,66,7,5,5,86,4,74.3,HIGH
HIST_0663,M008,9,10,70,8,7,5,92,8,100,CRITICAL
HIST_0664,M005,6,2,56,27,0,2,91,3,90.05,CRITICAL
HIST_0665,M008,11,1,58,5,6,1,51,1,93.45,CRITICAL
HIST_0666,M002,8,0,46,24,6,8,93,1,100,CRITICAL
HIST_0667,M005,4,9,54,2,6,4,59,3,100,CRITICAL
HIST_0668,M006,7,10,53,4,8,2,46,0,100,CRITICAL
HIST_0669,M003,5,7,74,27,8,4,80,7,100,CRITICAL
HIST_0670,M005,11,8,56,18,7,6,78,8,100,CRITICAL
HIST_0671,M007,5,7,79,7,1,7,64,5,100,CRITICAL
HIST_0672,M006,4,2,64,0,0,8,97,2,59.35,HIGH
HIST_0673,M007,4,7,79,0,7,7,64,0,94.85,CRITICAL
HIST_0674,M007,12,4,83,7,0,8,68,3,100,CRITICAL
HIST_0675,M004,8,6,70,7,2,6,98,6,100,CRITICAL
HIST_0676,M005,4,1,72,20,3,8,93,4,92.55,CRITICAL
HIST_0677,M003,10,8,96,8,6,3,99,1,100,CRITICAL
HIST_0678,M004,2,4,52,20,7,7,62,7,100,CRITICAL
HIST_0679,M005,5,0,54,1,8,0,56,1,70.3,HIGH
HIST_0680,M001,4,2,90,14,0,3,50,2,66.3,HIGH
HIST_0681,M001,7,3,66,13,4,7,68,7,100,CRITICAL
HIST_0682,M002,5,1,98,24,2,0,62,6,82.0,CRITICAL
HIST_0683,M002,8,7,56,6,4,6,98,0,100,CRITICAL
HIST_0684,M004,12,3,69,24,7,3,92,0,100,CRITICAL
HIST_0685,M006,7,1,78,21,3,7,69,4,100,CRITICAL
HIST_0686,M008,2,10,91,1,8,8,52,4,100,CRITICAL
HIST_0687,M007,10,4,57,11,0,3,52,3,100,CRITICAL
HIST_0688,M001,5,0,55,25,4,1,70,3,91.75,CRITICAL
HIST_0689,M004,0,9,95,22,7,2,68,1,100,CRITICAL
HIST_0690,M003,2,7,50,21,5,0,48,5,100,CRITICAL
HIST_0691,M009,11,8,95,3,2,7,59,5,100,CRITICAL
HIST_0692,M006,12,10,93,11,7,3,46,6,100,CRITICAL
HIST_0693,M009,11,2,61,28,0,7,90,7,100,CRITICAL
HIST_0694,M006,4,8,89,15,3,2,79,5,100,CRITICAL
HIST_0695,M003,11,7,62,27,8,2,49,8,100,CRITICAL
HIST_0696,M009,7,4,97,8,8,5,74,0,90.65,CRITICAL
HIST_0697,M009,6,2,46,19,5,3,65,1,100,CRITICAL
HIST_0698,M006,6,3,78,21,7,8,54,4,100,CRITICAL
HIST_0699,M001,6,10,65,3,1,8,87,1,100,CRITICAL
HIST_0700,M002,2,2,100,1,3,1,76,3,41.7,MEDIUM
HIST_0701,M001,0,9,86,26,6,7,78,4,100,CRITICAL
HIST_0702,M002,5,3,83,22,1,0,58,7,93.85,CRITICAL
HIST_0703,M001,7,10,48,11,8,6,97,5,100,CRITICAL
HIST_0704,M009,9,4,78,1,1,4,49,3,86.65,CRITICAL
HIST_0705,M009,1,1,91,7,8,6,57,3,77.3,CRITICAL
HIST_0706,M007,10,3,81,20,2,8,92,8,100,CRITICAL
HIST_0707,M002,11,1,94,20,5,7,89,6,100,CRITICAL
HIST_0708,M009,2,2,80,12,8,5,87,2,81.15,CRITICAL
HIST_0709,M007,9,7,67,28,5,8,65,5,100,CRITICAL
HIST_0710,M004,12,10,72,26,5,3,81,8,100,CRITICAL
HIST_0711,M001,6,8,92,8,5,7,73,6,100,CRITICAL
HIST_0712,M001,11,0,63,19,0,8,53,4,100,CRITICAL
HIST_0713,M009,4,3,58,27,5,0,94,4,99.6,CRITICAL
HIST_0714,M006,8,8,81,29,2,1,47,7,100,CRITICAL
HIST_0715,M002,2,2,61,11,3,3,61,4,79.1,CRITICAL
HIST_0716,M008,9,6,81,29,3,1,91,5,100,CRITICAL
HIST_0717,M002,2,7,97,28,1,4,47,6,100,CRITICAL
HIST_0718,M004,12,0,94,10,5,6,71,1,90.35,CRITICAL
HIST_0719,M009,11,10,99,19,0,6,48,4,100,CRITICAL
HIST_0720,M003,0,5,79,18,2,5,77,3,82.2,CRITICAL
HIST_0721,M007,0,10,91,12,7,8,50,3,100,CRITICAL
HIST_0722,M009,4,6,54,4,5,1,75,0,80.65,CRITICAL
HIST_0723,M003,6,4,50,12,8,6,94,2,100,CRITICAL
HIST_0724,M004,7,8,57,15,6,3,80,8,100,CRITICAL
HIST_0725,M002,3,1,62,24,6,5,88,1,91.6,CRITICAL
HIST_0726,M010,10,6,72,11,5,3,65,5,100,CRITICAL
HIST_0727,M010,10,0,94,9,2,5,84,7,86.4,CRITICAL
HIST_0728,M003,2,7,47,29,3,3,88,5,100,CRITICAL
HIST_0729,M005,12,1,52,23,0,3,84,2,100,CRITICAL
HIST_0730,M001,0,5,89,25,1,4,73,7,94.6,CRITICAL
HIST_0731,M005,5,3,92,17,3,3,79,8,95.95,CRITICAL
HIST_0732,M001,8,7,84,23,2,0,69,8,100,CRITICAL
HIST_0733,M001,4,2,48,9,3,4,48,7,100,CRITICAL
HIST_0734,M007,1,6,87,8,5,1,46,4,84.15,CRITICAL
HIST_0735,M002,3,6,77,22,1,5,76,8,100,CRITICAL
HIST_0736,M001,2,3,77,30,7,8,90,0,100,CRITICAL
HIST_0737,M001,3,8,64,10,7,6,92,2,100,CRITICAL
HIST_0738,M001,5,10,67,11,4,3,77,4,100,CRITICAL
HIST_0739,M003,10,4,69,28,0,8,62,3,100,CRITICAL
HIST_0740,M007,5,6,87,4,1,6,78,3,80.85,CRITICAL
HIST_0741,M003,3,9,54,13,4,5,73,8,100,CRITICAL
HIST_0742,M005,3,10,53,18,8,3,100,2,100,CRITICAL
HIST_0743,M009,11,8,53,13,2,2,65,1,100,CRITICAL
HIST_0744,M007,8,1,56,10,2,0,93,5,78.15,CRITICAL
HIST_0745,M002,6,4,73,23,4,2,94,3,98.55,CRITICAL
HIST_0746,M004,2,2,46,24,4,3,83,3,94.45,CRITICAL
HIST_0747,M006,10,0,67,2,7,2,77,7,96.7,CRITICAL
HIST_0748,M001,2,6,76,15,2,2,57,3,87.15,CRITICAL
HIST_0749,M004,6,0,62,30,6,3,92,3,100,CRITICAL
HIST_0750,M004,1,2,73,27,7,5,100,7,100,CRITICAL
HIST_0751,M009,6,6,94,1,6,5,70,8,100,CRITICAL
HIST_0752,M004,10,0,78,3,7,7,97,0,80.55,CRITICAL
HIST_0753,M001,8,8,70,23,0,8,69,8,100,CRITICAL
HIST_0754,M007,3,4,73,12,4,4,74,2,83.35,CRITICAL
HIST_0755,M002,4,9,48,22,8,2,74,7,100,CRITICAL
HIST_0756,M006,11,8,52,5,8,2,70,6,100,CRITICAL
HIST_0757,M006,7,0,56,14,3,7,50,4,100,CRITICAL
HIST_0758,M008,11,10,90,25,2,1,50,1,100,CRITICAL
HIST_0759,M007,10,5,50,16,6,8,84,2,100,CRITICAL
HIST_0760,M003,8,6,47,24,2,5,81,2,100,CRITICAL
HIST_0761,M008,2,2,94,22,0,6,64,4,78.5,CRITICAL
HIST_0762,M001,4,10,56,3,2,3,45,4,100,CRITICAL
HIST_0763,M004,7,7,99,15,8,0,83,7,100,CRITICAL
HIST_0764,M010,3,9,87,15,7,6,73,1,100,CRITICAL
HIST_0765,M004,9,0,60,28,8,4,84,8,100,CRITICAL
HIST_0766,M010,0,2,54,1,5,0,54,0,51.8,MEDIUM
HIST_0767,M003,9,4,66,29,1,0,51,6,100,CRITICAL
HIST_0768,M001,2,10,63,19,8,2,74,5,100,CRITICAL
HIST_0769,M009,1,4,65,11,6,1,93,6,84.7,CRITICAL
HIST_0770,M007,1,4,75,4,1,4,66,8,78.05,CRITICAL
HIST_0771,M002,8,3,89,6,0,1,81,8,78.3,CRITICAL
HIST_0772,M005,7,9,95,22,4,6,83,5,100,CRITICAL
HIST_0773,M008,8,9,84,11,2,7,78,7,100,CRITICAL
HIST_0774,M001,12,2,84,7,4,3,45,1,94.25,CRITICAL
HIST_0775,M006,7,10,95,3,3,6,71,0,97.6,CRITICAL
HIST_0776,M005,5,8,96,20,3,0,85,3,94.15,CRITICAL
HIST_0777,M002,4,1,64,9,8,8,65,0,92.15,CRITICAL
HIST_0778,M006,10,5,66,12,0,2,57,5,100,CRITICAL
HIST_0779,M008,10,7,75,25,0,2,75,2,100,CRITICAL
HIST_0780,M005,8,5,74,25,6,0,98,8,100,CRITICAL
HIST_0781,M006,9,10,65,17,8,0,58,5,100,CRITICAL
HIST_0782,M003,1,2,62,26,0,5,69,8,99.75,CRITICAL
HIST_0783,M001,9,9,69,5,1,4,90,5,100,CRITICAL
HIST_0784,M004,4,6,50,15,3,5,73,4,100,CRITICAL
HIST_0785,M002,8,4,56,3,5,0,94,3,84.5,CRITICAL
HIST_0786,M006,7,8,46,25,7,8,54,3,100,CRITICAL
HIST_0787,M009,7,8,64,24,5,2,94,1,100,CRITICAL
HIST_0788,M002,10,2,58,23,0,7,69,8,100,CRITICAL
HIST_0789,M002,0,4,47,21,1,5,74,0,81.75,CRITICAL
HIST_0790,M006,8,10,92,9,0,4,85,3,100,CRITICAL
HIST_0791,M002,3,3,63,8,8,5,94,7,100,CRITICAL
HIST_0792,M009,4,2,55,8,1,0,84,8,76.35,CRITICAL
HIST_0793,M005,1,3,79,11,8,5,62,2,87.55,CRITICAL
HIST_0794,M001,9,3,55,2,4,5,79,7,100,CRITICAL
HIST_0795,M002,2,0,75,28,0,1,69,0,58.6,HIGH
HIST_0796,M004,6,6,56,22,7,5,64,5,100,CRITICAL
HIST_0797,M002,11,10,96,17,1,7,81,2,100,CRITICAL
HIST_0798,M004,12,7,51,14,4,7,75,3,100,CRITICAL
HIST_0799,M006,2,9,61,29,5,6,56,5,100,CRITICAL
HIST_0800,M008,7,7,46,2,7,1,67,7,100,CRITICAL
HIST_0801,M002,2,4,94,11,2,8,51,6,93.55,CRITICAL
HIST_0802,M010,5,8,86,2,4,8,74,6,100,CRITICAL
HIST_0803,M002,6,3,84,7,8,2,75,6,97.25,CRITICAL
HIST_0804,M009,5,3,97,22,6,6,81,5,100,CRITICAL
HIST_0805,M006,11,3,56,21,1,7,52,7,100,CRITICAL
HIST_0806,M010,8,1,97,14,2,4,70,1,72.35,HIGH
HIST_0807,M002,1,10,97,19,6,5,76,0,100,CRITICAL
HIST_0808,M008,3,2,82,28,0,2,87,2,71.15,HIGH
HIST_0809,M005,8,4,69,19,7,3,58,5,100,CRITICAL
HIST_0810,M010,9,10,64,29,6,5,50,0,100,CRITICAL
HIST_0811,M001,8,6,99,4,4,0,68,8,97.15,CRITICAL
HIST_0812,M004,0,8,97,11,1,4,100,0,59.25,HIGH
HIST_0813,M007,6,9,70,20,5,6,70,6,100,CRITICAL
HIST_0814,M007,8,3,87,5,7,2,57,8,100,CRITICAL
HIST_0815,M001,5,6,54,9,2,2,45,1,93.65,CRITICAL
HIST_0816,M008,2,7,87,13,2,1,53,6,92.4,CRITICAL
HIST_0817,M009,12,9,72,19,2,7,77,6,100,CRITICAL
HIST_0818,M010,7,6,67,7,2,6,83,0,90.2,CRITICAL
HIST_0819,M001,7,3,90,16,4,6,79,5,100,CRITICAL
HIST_0820,M002,0,9,75,22,5,1,82,7,100,CRITICAL
HIST_0821,M009,2,8,99,24,4,7,78,1,100,CRITICAL
HIST_0822,M010,9,1,60,15,1,8,96,4,99.0,CRITICAL
HIST_0823,M008,0,5,79,24,0,7,74,8,100,CRITICAL
HIST_0824,M010,9,5,71,11,4,4,55,0,100,CRITICAL
HIST_0825,M010,11,4,91,25,4,0,85,7,100,CRITICAL
HIST_0826,M002,2,9,48,21,4,0,63,7,100,CRITICAL
HIST_0827,M005,2,8,49,27,4,4,53,4,100,CRITICAL
HIST_0828,M006,4,0,92,3,2,2,87,7,53.65,MEDIUM
HIST_0829,M001,12,2,61,25,3,7,56,8,100,CRITICAL
HIST_0830,M007,5,1,54,19,2,7,93,6,100,CRITICAL
HIST_0831,M001,3,10,73,23,2,3,81,5,100,CRITICAL
HIST_0832,M007,10,4,93,26,1,0,55,7,100,CRITICAL
HIST_0833,M008,7,4,75,23,8,3,69,6,100,CRITICAL
HIST_0834,M007,4,2,78,27,6,0,63,7,100,CRITICAL
HIST_0835,M007,10,5,78,21,0,1,79,5,100,CRITICAL
HIST_0836,M005,9,10,99,8,5,4,62,1,100,CRITICAL
HIST_0837,M003,10,9,70,14,3,3,78,5,100,CRITICAL
HIST_0838,M002,5,8,45,21,0,1,45,6,100,CRITICAL
HIST_0839,M005,8,1,88,14,5,3,91,4,85.75,CRITICAL
HIST_0840,M010,3,0,46,19,1,0,83,3,66.95,HIGH
HIST_0841,M007,10,1,90,30,1,1,99,2,85.25,CRITICAL
HIST_0842,M005,10,10,81,25,2,1,89,2,100,CRITICAL
HIST_0843,M006,4,7,87,29,1,7,62,6,100,CRITICAL
HIST_0844,M006,4,2,94,2,4,0,69,6,62.25,HIGH
HIST_0845,M004,0,4,97,8,2,7,49,7,83.9,CRITICAL
HIST_0846,M007,9,6,56,20,7,1,54,8,100,CRITICAL
HIST_0847,M002,3,9,86,3,7,4,51,0,96.75,CRITICAL
HIST_0848,M001,1,9,91,8,7,0,76,2,84.75,CRITICAL
HIST_0849,M009,0,10,69,8,2,5,70,0,86.45,CRITICAL
HIST_0850,M001,11,7,75,13,6,1,79,3,100,CRITICAL
HIST_0851,M007,6,7,52,18,8,5,66,4,100,CRITICAL
HIST_0852,M002,0,10,86,2,5,8,99,5,97.55,CRITICAL
HIST_0853,M004,7,4,86,6,2,8,47,6,100,CRITICAL
HIST_0854,M004,4,6,51,20,5,7,50,7,100,CRITICAL
HIST_0855,M009,2,0,57,0,3,7,69,1,58.3,HIGH
HIST_0856,M001,10,4,76,17,7,0,47,5,100,CRITICAL
HIST_0857,M003,5,0,70,3,3,8,74,8,88.6,CRITICAL
HIST_0858,M008,11,9,59,29,1,0,92,2,100,CRITICAL
HIST_0859,M001,10,0,75,29,0,3,89,2,89.8,CRITICAL
HIST_0860,M010,2,10,48,28,4,1,74,2,100,CRITICAL
HIST_0861,M007,1,1,52,15,3,1,96,3,63.3,HIGH
HIST_0862,M004,5,10,70,10,1,8,53,5,100,CRITICAL
HIST_0863,M003,12,0,82,5,5,1,52,4,89.8,CRITICAL
HIST_0864,M004,12,6,55,22,5,8,55,7,100,CRITICAL
HIST_0865,M002,9,0,53,3,6,2,46,7,100,CRITICAL
HIST_0866,M003,0,0,56,29,1,4,71,7,91.45,CRITICAL
HIST_0867,M003,3,2,85,8,8,7,71,3,89.6,CRITICAL
HIST_0868,M006,9,0,83,5,7,1,85,4,78.2,CRITICAL
HIST_0869,M010,6,0,80,7,3,1,78,1,53.4,MEDIUM
HIST_0870,M004,5,8,77,7,7,3,62,0,100,CRITICAL
HIST_0871,M001,1,2,88,27,7,7,56,2,100,CRITICAL
HIST_0872,M010,0,10,68,9,3,6,61,5,100,CRITICAL
HIST_0873,M001,12,7,47,3,0,8,56,2,100,CRITICAL
HIST_0874,M007,7,8,52,2,3,7,82,5,100,CRITICAL
HIST_0875,M004,3,10,65,7,1,5,59,1,98.4,CRITICAL
HIST_0876,M010,11,6,100,6,6,3,49,7,100,CRITICAL
HIST_0877,M006,7,0,72,4,3,7,56,6,91.1,CRITICAL
HIST_0878,M003,2,7,91,6,5,4,57,5,95.1,CRITICAL
HIST_0879,M008,0,9,48,8,2,1,99,7,93.55,CRITICAL
HIST_0880,M010,6,2,93,10,3,4,83,2,69.7,HIGH
HIST_0881,M008,2,9,80,27,3,1,71,8,100,CRITICAL
HIST_0882,M004,3,9,75,26,7,4,45,6,100,CRITICAL
HIST_0883,M007,3,5,72,18,3,2,81,0,79.15,CRITICAL
HIST_0884,M007,0,0,75,23,8,0,72,8,91.35,CRITICAL
HIST_0885,M007,7,1,73,15,3,1,80,0,68.95,HIGH
HIST_0886,M005,3,2,67,9,3,1,46,7,85.35,CRITICAL
HIST_0887,M007,2,7,99,18,0,7,74,2,85.95,CRITICAL
HIST_0888,M009,2,5,85,14,0,1,69,5,73.3,HIGH
HIST_0889,M002,0,4,72,24,4,8,81,3,100,CRITICAL
HIST_0890,M001,9,5,92,29,0,8,88,5,100,CRITICAL
HIST_0891,M009,1,6,68,14,0,5,68,2,81.5,CRITICAL
HIST_0892,M009,11,1,80,22,3,2,66,3,100,CRITICAL
HIST_0893,M005,1,10,75,23,3,3,65,5,100,CRITICAL
HIST_0894,M008,8,10,72,8,0,1,68,5,100,CRITICAL
HIST_0895,M009,7,8,78,26,1,7,90,8,100,CRITICAL
HIST_0896,M002,4,7,84,11,1,3,74,1,78.8,CRITICAL
HIST_0897,M002,6,2,63,30,1,1,55,4,100,CRITICAL
HIST_0898,M005,11,2,76,4,3,8,85,0,86.95,CRITICAL
HIST_0899,M008,6,10,79,29,2,7,67,6,100,CRITICAL
HIST_0900,M009,11,10,46,9,3,1,46,3,100,CRITICAL
HIST_0901,M009,10,5,71,18,5,5,76,8,100,CRITICAL
HIST_0902,M004,7,7,64,18,2,4,55,4,100,CRITICAL
HIST_0903,M008,7,5,63,24,0,2,67,4,100,CRITICAL
HIST_0904,M003,2,9,55,22,8,4,56,2,100,CRITICAL
HIST_0905,M006,2,3,52,1,5,2,73,4,74.75,HIGH
HIST_0906,M006,2,3,80,22,0,5,67,2,78.15,CRITICAL
HIST_0907,M008,7,8,55,17,4,1,46,6,100,CRITICAL
HIST_0908,M009,12,2,74,29,5,2,45,8,100,CRITICAL
HIST_0909,M010,5,10,90,9,7,4,93,2,100,CRITICAL
HIST_0910,M009,11,7,66,22,1,7,47,2,100,CRITICAL
HIST_0911,M006,1,4,46,12,3,7,67,1,90.05,CRITICAL
HIST_0912,M004,0,9,86,6,8,3,95,4,92.85,CRITICAL
HIST_0913,M004,0,1,79,27,7,1,77,6,91.0,CRITICAL
HIST_0914,M007,7,5,83,19,8,0,87,5,100,CRITICAL
HIST_0915,M006,2,6,68,12,5,0,63,5,94.85,CRITICAL
HIST_0916,M007,4,7,100,17,1,3,91,7,94.15,CRITICAL
HIST_0917,M003,12,7,63,5,6,6,53,1,100,CRITICAL
HIST_0918,M002,3,4,75,27,8,5,49,6,100,CRITICAL
HIST_0919,M008,0,6,85,29,4,6,56,8,100,CRITICAL
HIST_0920,M005,11,9,93,29,2,3,56,6,100,CRITICAL
HIST_0921,M008,8,7,47,26,4,4,76,8,100,CRITICAL
HIST_0922,M002,3,0,95,0,2,4,64,7,56.75,HIGH
HIST_0923,M001,10,10,63,13,2,7,89,3,100,CRITICAL
HIST_0924,M005,1,4,76,2,5,7,81,6,85.05,CRITICAL
HIST_0925,M005,10,10,75,22,1,5,77,0,100,CRITICAL
HIST_0926,M006,2,9,48,4,5,7,89,2,100,CRITICAL
HIST_0927,M005,2,0,62,11,6,5,48,4,88.0,CRITICAL
HIST_0928,M010,8,10,49,16,3,2,93,1,100,CRITICAL
HIST_0929,M002,12,2,79,10,5,4,62,5,100,CRITICAL
HIST_0930,M005,8,9,67,26,2,0,53,8,100,CRITICAL
HIST_0931,M009,5,7,71,10,2,1,58,2,90.15,CRITICAL
HIST_0932,M009,3,3,95,28,8,8,99,8,100,CRITICAL
HIST_0933,M001,11,1,71,14,1,1,97,2,76.2,CRITICAL
HIST_0934,M010,7,5,64,22,5,2,97,7,100,CRITICAL
HIST_0935,M004,8,5,56,22,4,0,92,1,100,CRITICAL
HIST_0936,M002,2,2,89,7,4,2,58,2,59.75,HIGH
HIST_0937,M002,6,1,49,0,7,6,47,3,98.1,CRITICAL
HIST_0938,M001,0,10,77,18,0,7,52,4,100,CRITICAL
HIST_0939,M010,1,4,87,0,1,1,83,3,42.3,MEDIUM
HIST_0940,M010,3,2,87,11,0,1,54,4,60.75,HIGH
HIST_0941,M002,5,5,55,27,8,3,77,1,100,CRITICAL
HIST_0942,M001,9,0,78,6,3,4,55,8,96.15,CRITICAL
HIST_0943,M008,11,1,58,29,8,7,68,2,100,CRITICAL
HIST_0944,M009,10,1,56,26,5,6,72,3,100,CRITICAL
HIST_0945,M009,3,6,52,24,5,1,74,1,100,CRITICAL
HIST_0946,M002,2,7,93,11,4,8,91,0,83.9,CRITICAL
HIST_0947,M008,5,7,52,12,4,7,83,4,100,CRITICAL
HIST_0948,M008,3,8,71,9,6,3,99,1,90.7,CRITICAL
HIST_0949,M009,10,5,56,0,7,1,70,7,100,CRITICAL
HIST_0950,M003,10,10,50,3,2,6,70,1,100,CRITICAL
HIST_0951,M007,1,5,57,10,3,6,52,3,95.05,CRITICAL
HIST_0952,M010,11,7,62,24,4,6,67,7,100,CRITICAL
HIST_0953,M005,6,7,77,8,2,7,51,1,100,CRITICAL
HIST_0954,M002,7,7,59,20,2,0,51,0,100,CRITICAL
HIST_0955,M010,7,10,46,5,6,5,54,4,100,CRITICAL
HIST_0956,M004,9,1,93,2,8,7,95,7,99.6,CRITICAL
HIST_0957,M009,4,10,76,15,8,4,79,5,100,CRITICAL
HIST_0958,M006,8,0,93,1,6,1,69,7,76.9,CRITICAL
HIST_0959,M003,6,7,74,1,0,2,80,4,78.3,CRITICAL
HIST_0960,M010,7,6,53,9,6,7,93,1,100,CRITICAL
HIST_0961,M003,10,7,87,17,8,7,75,8,100,CRITICAL
HIST_0962,M005,8,0,70,8,7,6,84,5,99.1,CRITICAL
HIST_0963,M006,5,0,46,18,0,2,98,5,76.0,CRITICAL
HIST_0964,M006,12,9,46,24,5,6,51,6,100,CRITICAL
HIST_0965,M010,5,6,67,1,3,3,60,4,90.25,CRITICAL
HIST_0966,M009,1,1,100,9,1,5,55,0,44.55,MEDIUM
HIST_0967,M001,5,0,74,21,6,8,71,4,100,CRITICAL
HIST_0968,M006,11,7,82,0,5,6,81,6,100,CRITICAL
HIST_0969,M009,9,1,96,15,1,3,66,7,90.4,CRITICAL
HIST_0970,M008,12,10,66,5,4,5,72,3,100,CRITICAL
HIST_0971,M001,10,1,98,27,8,3,63,4,100,CRITICAL
HIST_0972,M010,4,9,70,25,3,1,90,1,100,CRITICAL
HIST_0973,M006,5,4,49,18,8,7,72,3,100,CRITICAL
HIST_0974,M007,12,1,86,26,4,8,96,4,100,CRITICAL
HIST_0975,M008,10,8,65,6,6,6,61,8,100,CRITICAL
HIST_0976,M010,10,8,56,28,0,8,100,2,100,CRITICAL
HIST_0977,M010,7,3,87,30,7,4,85,8,100,CRITICAL
HIST_0978,M008,12,6,81,23,0,8,57,5,100,CRITICAL
HIST_0979,M002,2,3,54,23,4,6,71,5,100,CRITICAL
HIST_0980,M005,10,3,99,13,4,4,86,2,89.45,CRITICAL
HIST_0981,M001,10,9,60,12,3,1,54,3,100,CRITICAL
HIST_0982,M004,3,4,74,15,8,6,72,0,98.1,CRITICAL
HIST_0983,M003,2,4,53,0,4,4,87,8,87.7,CRITICAL
HIST_0984,M006,10,0,91,15,0,0,100,1,54.15,MEDIUM
HIST_0985,M007,9,4,100,2,6,5,87,1,82.15,CRITICAL
HIST_0986,M005,11,2,60,3,8,1,78,8,100,CRITICAL
HIST_0987,M004,7,1,60,19,1,5,66,6,100,CRITICAL
HIST_0988,M007,6,3,54,3,2,3,62,7,93.7,CRITICAL
HIST_0989,M006,4,9,48,15,8,5,89,1,100,CRITICAL
HIST_0990,M006,8,6,75,21,3,4,95,2,100,CRITICAL
HIST_0991,M004,7,5,97,9,0,0,98,0,53.35,MEDIUM
HIST_0992,M008,4,8,69,9,5,1,79,3,97.4,CRITICAL
HIST_0993,M005,6,0,70,29,4,4,50,3,100,CRITICAL
HIST_0994,M005,3,2,73,20,5,6,95,0,81.7,CRITICAL
HIST_0995,M002,1,7,75,23,6,5,90,6,100,CRITICAL
HIST_0996,M006,2,4,77,2,5,6,83,8,90.7,CRITICAL
HIST_0997,M001,7,0,93,1,2,7,95,2,55.4,HIGH
HIST_0998,M004,6,3,85,9,5,1,52,2,81.55,CRITICAL
HIST_0999,M003,8,10,93,4,6,5,73,7,100,CRITICAL
HIST_1000,M007,4,2,88,18,5,4,57,1,84.55,CRITICAL
HIST_1001,M009,5,2,70,28,6,3,46,0,100,CRITICAL
HIST_1002,M003,10,9,85,7,1,7,57,4,100,CRITICAL
HIST_1003,M003,0,6,84,13,4,2,50,5,89.7,CRITICAL
HIST_1004,M008,9,1,45,22,8,6,94,7,100,CRITICAL
HIST_1005,M007,1,3,90,6,3,4,63,7,74.95,HIGH
HIST_1006,M007,2,6,99,6,3,4,91,3,67.8,HIGH
HIST_1007,M010,2,6,95,4,0,4,61,3,65.3,HIGH
HIST_1008,M003,7,3,68,18,7,1,45,7,100,CRITICAL
HIST_1009,M002,5,6,88,6,6,6,92,4,97.4,CRITICAL
HIST_1010,M010,1,8,48,1,5,3,75,5,98.15,CRITICAL
HIST_1011,M010,10,9,90,23,0,0,61,8,100,CRITICAL
HIST_1012,M010,6,4,70,21,5,2,80,0,94.7,CRITICAL
HIST_1013,M002,2,4,55,16,7,5,74,2,100,CRITICAL
HIST_1014,M003,5,8,72,4,4,1,65,0,84.85,CRITICAL
HIST_1015,M009,7,4,92,11,6,4,61,4,100,CRITICAL
HIST_1016,M001,5,6,55,10,7,2,80,7,100,CRITICAL
HIST_1017,M003,3,2,48,7,2,0,75,4,67.85,HIGH
HIST_1018,M009,11,7,72,3,7,0,73,5,100,CRITICAL
HIST_1019,M004,7,7,76,3,2,1,67,1,80.75,CRITICAL
HIST_1020,M010,4,2,98,5,8,4,81,3,74.45,HIGH
HIST_1021,M008,0,8,94,18,2,6,49,3,98.45,CRITICAL
HIST_1022,M010,10,1,66,0,4,1,70,5,82.9,CRITICAL
HIST_1023,M008,1,5,54,0,1,7,98,7,81.1,CRITICAL
HIST_1024,M006,10,4,83,21,0,5,47,7,100,CRITICAL
HIST_1025,M002,11,9,53,6,0,4,65,0,100,CRITICAL
HIST_1026,M007,8,9,69,2,6,4,56,3,100,CRITICAL
HIST_1027,M005,1,0,99,6,2,6,94,6,51.05,MEDIUM
HIST_1028,M005,10,10,54,3,4,7,96,6,100,CRITICAL
HIST_1029,M008,10,9,53,11,1,5,77,3,100,CRITICAL
HIST_1030,M006,7,6,75,8,6,1,93,6,100,CRITICAL
HIST_1031,M006,9,2,72,20,6,1,47,8,100,CRITICAL
HIST_1032,M002,7,10,59,20,2,7,78,8,100,CRITICAL
HIST_1033,M005,4,7,72,2,7,4,54,2,100,CRITICAL
HIST_1034,M009,3,8,72,9,0,8,49,0,94.35,CRITICAL
HIST_1035,M006,1,8,72,13,1,7,87,4,96.15,CRITICAL
HIST_1036,M003,4,9,50,24,8,0,52,7,100,CRITICAL
HIST_1037,M006,12,2,98,12,0,1,71,4,80.85,CRITICAL
HIST_1038,M004,9,7,93,21,7,4,66,2,100,CRITICAL
HIST_1039,M001,2,1,92,19,4,1,72,8,81.1,CRITICAL
HIST_1040,M010,0,6,52,0,2,7,74,6,88.8,CRITICAL
HIST_1041,M002,11,7,64,19,5,6,96,4,100,CRITICAL
HIST_1042,M001,2,2,45,6,1,0,89,3,55.2,HIGH
HIST_1043,M004,3,7,86,4,3,6,98,8,95.2,CRITICAL
HIST_1044,M002,1,4,94,14,2,7,72,0,68.4,HIGH
HIST_1045,M008,2,2,92,22,7,7,75,0,87.95,CRITICAL
HIST_1046,M002,9,3,57,9,6,0,66,0,91.35,CRITICAL
HIST_1047,M008,10,6,71,27,7,8,63,0,100,CRITICAL
HIST_1048,M009,6,7,77,18,7,3,90,0,100,CRITICAL
HIST_1049,M008,0,6,81,10,8,1,62,6,96.65,CRITICAL
HIST_1050,M001,1,7,84,30,5,7,89,6,100,CRITICAL
HIST_1051,M009,2,4,91,6,7,5,73,3,81.6,CRITICAL
HIST_1052,M007,3,9,88,10,7,2,63,6,100,CRITICAL
HIST_1053,M005,10,10,92,11,7,2,84,3,100,CRITICAL
HIST_1054,M010,11,1,87,15,2,2,57,2,87.3,CRITICAL
HIST_1055,M009,7,1,95,13,7,4,60,3,92.35,CRITICAL
HIST_1056,M003,0,0,67,28,4,5,88,2,78.65,CRITICAL
HIST_1057,M002,8,0,96,2,5,6,52,3,78.8,CRITICAL
HIST_1058,M009,8,3,76,8,5,5,94,0,83.0,CRITICAL
HIST_1059,M008,4,2,99,22,8,1,90,0,75.75,CRITICAL
HIST_1060,M009,12,7,98,24,1,1,95,1,100,CRITICAL
HIST_1061,M005,0,8,51,5,1,3,68,2,79.65,CRITICAL
HIST_1062,M006,11,7,93,16,7,1,54,5,100,CRITICAL
HIST_1063,M004,2,1,99,6,7,6,94,0,55.05,HIGH
HIST_1064,M006,12,7,66,9,8,2,50,4,100,CRITICAL
HIST_1065,M007,11,6,68,20,3,2,93,8,100,CRITICAL
HIST_1066,M009,12,3,53,25,6,6,71,7,100,CRITICAL
HIST_1067,M009,12,10,68,30,0,7,54,0,100,CRITICAL
HIST_1068,M007,1,1,66,10,6,2,72,0,60.9,HIGH
HIST_1069,M005,12,0,87,29,2,0,85,8,100,CRITICAL
HIST_1070,M006,6,6,88,22,8,4,91,5,100,CRITICAL
HIST_1071,M009,0,4,78,19,2,6,73,3,83.25,CRITICAL
HIST_1072,M005,9,9,86,14,5,6,94,3,100,CRITICAL
HIST_1073,M005,1,0,79,10,6,2,78,8,74.85,HIGH
HIST_1074,M001,3,1,77,17,4,8,66,2,87.95,CRITICAL
HIST_1075,M009,0,8,82,8,3,4,91,6,87.15,CRITICAL
HIST_1076,M001,1,0,98,11,4,8,67,1,60.15,HIGH
HIST_1077,M004,12,10,52,14,4,0,74,5,100,CRITICAL
HIST_1078,M005,12,9,81,22,8,3,67,4,100,CRITICAL
HIST_1079,M002,10,9,88,4,6,8,92,3,100,CRITICAL
HIST_1080,M007,5,8,82,6,5,7,51,2,100,CRITICAL
HIST_1081,M008,6,1,50,1,6,2,75,3,78.95,CRITICAL
HIST_1082,M005,1,5,88,16,6,8,78,6,100,CRITICAL
HIST_1083,M003,9,7,85,13,7,7,91,6,100,CRITICAL
HIST_1084,M009,2,8,53,15,7,2,90,8,100,CRITICAL
HIST_1085,M002,1,3,74,15,0,2,80,5,67.1,HIGH
HIST_1086,M003,9,6,52,3,5,4,47,8,100,CRITICAL
HIST_1087,M003,1,5,64,11,4,4,76,0,76.8,CRITICAL
HIST_1088,M008,2,9,71,1,4,4,58,2,91.85,CRITICAL
HIST_1089,M010,0,1,80,11,1,0,71,7,55.45,HIGH
HIST_1090,M003,4,9,73,28,5,6,75,2,100,CRITICAL
HIST_1091,M002,8,10,74,24,7,7,54,5,100,CRITICAL
HIST_1092,M006,12,9,87,19,6,6,59,6,100,CRITICAL
HIST_1093,M003,8,0,87,28,7,4,86,1,99.65,CRITICAL
HIST_1094,M009,11,0,81,20,4,8,86,1,100,CRITICAL
HIST_1095,M009,1,3,84,17,0,8,57,7,92.75,CRITICAL
HIST_1096,M004,0,1,87,29,8,2,46,4,97.85,CRITICAL
HIST_1097,M008,3,9,73,2,8,5,70,0,100,CRITICAL
HIST_1098,M006,0,5,72,5,6,0,100,8,77.8,CRITICAL
HIST_1099,M003,6,4,50,3,1,8,55,4,100,CRITICAL
HIST_1100,M001,2,4,94,2,2,4,71,2,55.75,HIGH
HIST_1101,M006,9,5,56,0,0,4,69,1,83.15,CRITICAL
HIST_1102,M004,2,6,65,8,6,1,48,3,94.35,CRITICAL
HIST_1103,M007,12,9,82,7,7,8,93,8,100,CRITICAL
HIST_1104,M008,1,4,48,10,7,8,71,1,100,CRITICAL
HIST_1105,M004,0,6,85,7,0,4,80,1,55.65,HIGH
HIST_1106,M008,12,8,86,25,2,4,81,6,100,CRITICAL
HIST_1107,M004,1,10,77,6,2,5,79,2,88.0,CRITICAL
HIST_1108,M010,8,6,80,14,0,0,97,7,93.55,CRITICAL
HIST_1109,M007,4,10,55,0,0,7,62,4,100,CRITICAL
HIST_1110,M009,5,10,58,18,8,4,47,2,100,CRITICAL
HIST_1111,M009,9,1,64,2,6,1,98,2,73.0,HIGH
HIST_1112,M005,4,6,58,19,8,5,88,5,100,CRITICAL
HIST_1113,M010,12,7,62,7,5,5,58,7,100,CRITICAL
HIST_1114,M003,5,0,89,4,0,7,45,0,54.9,MEDIUM
HIST_1115,M002,6,8,89,22,7,6,79,1,100,CRITICAL
HIST_1116,M010,8,0,98,26,7,1,67,6,100,CRITICAL
HIST_1117,M004,5,6,56,26,0,1,74,5,100,CRITICAL
HIST_1118,M004,7,0,59,23,0,4,88,5,90.95,CRITICAL
HIST_1119,M001,1,9,85,9,3,3,76,5,92.55,CRITICAL
HIST_1120,M002,4,7,90,22,3,0,57,6,100,CRITICAL
HIST_1121,M002,4,9,77,15,2,8,57,2,100,CRITICAL
HIST_1122,M009,9,2,92,2,2,4,81,3,69.95,HIGH
HIST_1123,M009,11,4,57,27,0,8,84,4,100,CRITICAL
HIST_1124,M005,7,0,72,20,0,5,72,6,92.3,CRITICAL
HIST_1125,M004,1,10,78,14,7,5,78,0,100,CRITICAL
HIST_1126,M004,0,4,71,17,7,5,45,6,100,CRITICAL
HIST_1127,M002,5,1,81,25,0,3,89,6,83.9,CRITICAL
HIST_1128,M001,3,3,55,10,4,1,85,1,70.0,HIGH
HIST_1129,M008,7,6,96,0,5,4,60,1,84.4,CRITICAL
HIST_1130,M002,3,5,98,1,5,8,95,3,76.15,CRITICAL
HIST_1131,M002,12,9,84,14,1,7,82,1,100,CRITICAL
HIST_1132,M001,0,0,69,10,1,2,48,7,64.85,HIGH
HIST_1133,M009,4,9,85,13,1,1,88,0,77.35,CRITICAL
HIST_1134,M004,0,4,99,12,6,1,84,6,73.25,HIGH
HIST_1135,M010,9,10,84,0,7,6,74,6,100,CRITICAL
HIST_1136,M010,9,1,66,20,0,7,78,5,100,CRITICAL
HIST_1137,M009,3,1,51,0,1,3,81,2,51.4,MEDIUM
HIST_1138,M001,4,5,71,15,7,2,60,2,100,CRITICAL
HIST_1139,M005,0,2,64,18,6,8,86,5,98.7,CRITICAL
HIST_1140,M005,9,8,94,4,2,7,64,5,100,CRITICAL
HIST_1141,M009,5,0,78,18,2,0,60,8,84.3,CRITICAL
HIST_1142,M006,0,6,67,6,3,3,95,1,63.5,HIGH
HIST_1143,M010,3,10,75,22,7,5,99,5,100,CRITICAL
HIST_1144,M008,4,6,66,5,1,7,95,0,75.65,CRITICAL
HIST_1145,M004,3,0,85,7,3,7,84,3,62.15,HIGH
HIST_1146,M001,7,5,96,23,6,3,70,2,100,CRITICAL
HIST_1147,M005,5,0,49,11,0,8,52,2,84.05,CRITICAL
HIST_1148,M004,7,3,85,18,5,0,46,3,97.35,CRITICAL
HIST_1149,M004,4,2,59,28,4,2,66,8,100,CRITICAL
HIST_1150,M007,2,3,46,5,4,1,46,2,76.9,CRITICAL
HIST_1151,M006,10,1,66,29,3,4,74,3,100,CRITICAL
HIST_1152,M002,12,5,87,5,8,6,90,1,100,CRITICAL
HIST_1153,M006,2,2,95,6,3,8,69,5,74.7,HIGH
HIST_1154,M005,9,6,85,7,0,3,99,8,96.4,CRITICAL
HIST_1155,M009,12,2,65,7,0,4,100,2,80.65,CRITICAL
HIST_1156,M003,9,7,58,23,1,7,95,1,100,CRITICAL
HIST_1157,M008,8,6,93,28,8,5,76,8,100,CRITICAL
HIST_1158,M008,2,5,90,11,8,7,90,7,100,CRITICAL
HIST_1159,M008,4,9,70,20,0,3,59,3,100,CRITICAL
HIST_1160,M006,3,6,58,9,6,6,81,2,100,CRITICAL
HIST_1161,M006,4,8,50,4,1,4,73,8,100,CRITICAL
HIST_1162,M008,3,9,47,14,8,5,72,7,100,CRITICAL
HIST_1163,M001,6,6,68,25,7,5,62,6,100,CRITICAL
HIST_1164,M009,2,7,59,8,1,5,50,4,97.95,CRITICAL
HIST_1165,M002,8,8,86,2,4,3,51,1,98.05,CRITICAL
HIST_1166,M005,5,0,79,6,5,3,88,5,70.05,HIGH
HIST_1167,M005,4,10,99,8,3,2,99,8,100,CRITICAL
HIST_1168,M008,0,4,63,26,5,6,70,0,97.65,CRITICAL
HIST_1169,M004,10,8,93,30,2,6,59,3,100,CRITICAL
HIST_1170,M006,7,3,78,18,8,7,91,7,100,CRITICAL
HIST_1171,M004,12,1,65,27,3,6,94,6,100,CRITICAL
HIST_1172,M005,7,7,99,17,0,5,53,2,100,CRITICAL
HIST_1173,M007,11,0,76,25,5,5,59,6,100,CRITICAL
HIST_1174,M010,10,6,93,24,8,4,65,0,100,CRITICAL
HIST_1175,M007,12,0,53,4,5,6,69,3,100,CRITICAL
HIST_1176,M005,1,8,69,6,7,1,66,7,100,CRITICAL
HIST_1177,M001,1,2,51,21,8,2,47,7,100,CRITICAL
HIST_1178,M005,2,3,49,29,6,4,58,3,100,CRITICAL
HIST_1179,M003,10,8,49,14,0,5,78,0,100,CRITICAL
HIST_1180,M008,5,6,70,5,1,2,79,6,86.75,CRITICAL
HIST_1181,M005,11,1,69,30,3,2,100,3,100,CRITICAL
HIST_1182,M005,6,10,75,5,4,3,77,7,100,CRITICAL
HIST_1183,M009,3,0,54,14,1,6,83,3,73.15,HIGH
HIST_1184,M005,5,9,76,14,7,0,92,1,100,CRITICAL
HIST_1185,M007,10,7,67,22,4,6,84,2,100,CRITICAL
HIST_1186,M010,3,2,84,23,6,7,69,2,99.45,CRITICAL
HIST_1187,M005,1,6,89,30,0,3,100,2,80.35,CRITICAL
HIST_1188,M009,10,8,63,21,1,3,76,6,100,CRITICAL
HIST_1189,M007,1,5,49,24,1,8,94,5,100,CRITICAL
HIST_1190,M002,7,2,61,6,8,0,74,0,80.35,CRITICAL
HIST_1191,M004,10,10,92,14,6,5,92,6,100,CRITICAL
HIST_1192,M008,6,0,45,8,1,2,65,7,84.6,CRITICAL
HIST_1193,M005,7,1,50,17,3,7,53,7,100,CRITICAL
HIST_1194,M009,2,2,98,0,1,2,63,1,34.95,MEDIUM
HIST_1195,M006,11,6,55,2,0,4,54,7,100,CRITICAL
HIST_1196,M009,2,3,90,1,8,3,73,0,60.95,HIGH
HIST_1197,M008,10,10,90,21,1,6,89,4,100,CRITICAL
HIST_1198,M004,0,9,45,1,6,3,60,5,100,CRITICAL
HIST_1199,M002,3,1,46,13,0,0,66,3,65.0,HIGH
HIST_1200,M009,3,1,96,26,2,2,47,6,87.85,CRITICAL
HIST_1201,M007,1,5,65,17,3,3,79,6,95.4,CRITICAL
HIST_1202,M007,1,3,58,3,5,5,56,0,71.8,HIGH
HIST_1203,M005,10,5,45,12,3,7,59,1,100,CRITICAL
HIST_1204,M010,10,9,68,1,1,3,71,4,100,CRITICAL
HIST_1205,M007,7,1,90,17,2,4,51,5,92.15,CRITICAL
HIST_1206,M001,10,2,66,5,5,7,49,5,100,CRITICAL
HIST_1207,M004,9,9,73,12,8,3,77,0,100,CRITICAL
HIST_1208,M004,0,9,93,28,1,4,60,6,100,CRITICAL
HIST_1209,M003,9,1,48,4,5,7,63,3,100,CRITICAL
HIST_1210,M003,6,3,86,1,3,7,92,5,79.6,CRITICAL
HIST_1211,M005,4,5,86,25,0,8,95,6,100,CRITICAL
HIST_1212,M009,12,0,59,27,5,5,60,3,100,CRITICAL
HIST_1213,M003,0,10,60,25,3,6,78,5,100,CRITICAL
HIST_1214,M003,7,10,45,2,7,1,57,0,100,CRITICAL
HIST_1215,M002,3,2,50,5,8,3,60,8,100,CRITICAL
HIST_1216,M010,6,7,64,5,3,3,72,2,94.1,CRITICAL
HIST_1217,M002,3,4,63,18,7,3,62,7,100,CRITICAL
HIST_1218,M010,5,6,69,5,7,7,72,8,100,CRITICAL
HIST_1219,M007,11,6,93,4,7,0,93,6,100,CRITICAL
HIST_1220,M005,1,4,83,17,2,8,91,2,79.6,CRITICAL
HIST_1221,M002,6,7,64,14,4,6,80,7,100,CRITICAL
HIST_1222,M001,5,2,90,15,3,2,57,0,69.25,HIGH
HIST_1223,M007,8,5,76,12,6,6,92,5,100,CRITICAL
HIST_1224,M007,7,4,86,18,1,6,47,1,97.75,CRITICAL
HIST_1225,M009,9,2,57,24,6,4,94,5,100,CRITICAL
HIST_1226,M007,11,7,85,22,5,0,86,6,100,CRITICAL
HIST_1227,M003,11,3,60,15,0,5,85,0,93.25,CRITICAL
HIST_1228,M001,4,9,74,30,2,4,60,2,100,CRITICAL
HIST_1229,M009,1,1,86,22,6,6,90,1,76.8,CRITICAL
HIST_1230,M009,3,6,55,26,6,4,89,4,100,CRITICAL
HIST_1231,M002,8,10,69,18,4,6,93,1,100,CRITICAL
HIST_1232,M007,10,9,94,25,5,2,62,3,100,CRITICAL
HIST_1233,M007,11,4,45,5,7,0,51,1,100,CRITICAL
HIST_1234,M003,8,6,86,9,6,2,56,5,100,CRITICAL
HIST_1235,M010,11,2,57,15,2,8,52,7,100,CRITICAL
HIST_1236,M008,3,2,57,1,2,3,61,6,74.5,HIGH
HIST_1237,M007,10,9,51,27,2,1,63,1,100,CRITICAL
HIST_1238,M002,1,4,49,10,0,3,75,7,83.6,CRITICAL
HIST_1239,M009,0,0,62,24,0,0,51,3,63.35,HIGH
HIST_1240,M006,12,0,69,19,8,4,76,7,100,CRITICAL
HIST_1241,M006,9,6,66,11,5,5,97,3,100,CRITICAL
HIST_1242,M002,10,6,69,19,0,5,100,5,100,CRITICAL
HIST_1243,M009,0,7,100,22,6,2,46,1,93.9,CRITICAL
HIST_1244,M001,4,3,68,14,7,8,71,3,100,CRITICAL
HIST_1245,M008,10,5,46,20,5,0,96,5,100,CRITICAL
HIST_1246,M002,3,9,76,12,1,5,72,7,100,CRITICAL
HIST_1247,M010,11,6,63,19,3,2,100,8,100,CRITICAL
HIST_1248,M008,12,8,47,4,7,1,64,8,100,CRITICAL
HIST_1249,M003,2,7,52,15,8,3,60,3,100,CRITICAL
HIST_1250,M003,12,10,89,2,1,6,90,0,100,CRITICAL
HIST_1251,M002,5,6,94,8,3,4,87,7,93.95,CRITICAL
HIST_1252,M004,10,2,79,20,7,1,95,5,100,CRITICAL
HIST_1253,M009,9,9,49,20,5,6,90,6,100,CRITICAL
HIST_1254,M002,6,3,59,8,1,4,50,1,82.45,CRITICAL
HIST_1255,M007,5,9,57,23,1,5,53,5,100,CRITICAL
HIST_1256,M007,9,0,64,1,8,3,99,6,90.55,CRITICAL
HIST_1257,M002,5,5,96,21,2,8,87,3,99.85,CRITICAL
HIST_1258,M004,6,0,79,27,7,5,54,4,100,CRITICAL
HIST_1259,M010,7,10,74,4,4,2,92,0,93.9,CRITICAL
HIST_1260,M004,5,4,77,22,1,4,99,7,99.7,CRITICAL
HIST_1261,M003,7,4,90,30,6,0,96,5,100,CRITICAL
HIST_1262,M008,11,3,99,23,3,0,100,2,87.95,CRITICAL
HIST_1263,M006,11,6,64,26,2,0,80,6,100,CRITICAL
HIST_1264,M005,6,10,75,11,6,6,49,8,100,CRITICAL
HIST_1265,M006,4,3,89,27,8,6,51,2,100,CRITICAL
HIST_1266,M010,12,9,100,25,0,4,74,2,100,CRITICAL
HIST_1267,M004,2,7,89,15,4,2,58,3,92.35,CRITICAL
HIST_1268,M003,11,10,45,11,1,2,69,6,100,CRITICAL
HIST_1269,M006,0,1,67,15,2,0,52,8,75.55,CRITICAL
HIST_1270,M004,9,6,54,20,6,3,47,1,100,CRITICAL
HIST_1271,M008,6,7,64,22,2,6,94,1,100,CRITICAL
HIST_1272,M002,10,6,62,20,7,5,45,1,100,CRITICAL
HIST_1273,M005,1,1,76,20,8,3,46,7,100,CRITICAL
HIST_1274,M005,11,1,95,18,2,6,75,6,100,CRITICAL
HIST_1275,M001,9,2,51,10,1,8,56,6,100,CRITICAL
HIST_1276,M010,6,8,97,17,8,7,49,8,100,CRITICAL
HIST_1277,M001,8,10,52,24,3,1,56,2,100,CRITICAL
HIST_1278,M003,8,7,96,10,1,0,53,3,89.15,CRITICAL
HIST_1279,M005,1,8,61,27,0,1,52,8,100,CRITICAL
HIST_1280,M009,5,8,55,13,0,3,64,0,94.85,CRITICAL
HIST_1281,M006,12,4,87,17,7,2,81,7,100,CRITICAL
HIST_1282,M001,8,5,83,17,8,3,89,1,100,CRITICAL
HIST_1283,M004,3,0,57,4,4,3,53,8,84.1,CRITICAL
HIST_1284,M005,9,5,62,4,6,1,80,4,100,CRITICAL
HIST_1285,M003,6,10,55,12,7,1,61,6,100,CRITICAL
HIST_1286,M010,8,3,49,20,4,3,90,5,100,CRITICAL
HIST_1287,M006,10,10,97,16,2,6,97,2,100,CRITICAL
HIST_1288,M009,12,6,69,0,3,1,62,1,94.85,CRITICAL
HIST_1289,M006,1,10,80,13,1,5,85,1,87.85,CRITICAL
HIST_1290,M007,5,4,54,27,3,4,45,1,100,CRITICAL
HIST_1291,M010,3,6,51,25,1,2,78,4,100,CRITICAL
HIST_1292,M010,12,7,51,16,5,4,80,4,100,CRITICAL
HIST_1293,M009,1,0,55,10,6,2,67,8,86.0,CRITICAL
HIST_1294,M003,9,6,75,18,2,4,45,8,100,CRITICAL
HIST_1295,M004,10,2,54,12,4,0,91,5,97.75,CRITICAL
HIST_1296,M008,10,9,71,22,7,2,73,5,100,CRITICAL
HIST_1297,M005,8,4,62,30,6,8,90,3,100,CRITICAL
HIST_1298,M002,10,1,64,13,5,1,85,1,86.45,CRITICAL
HIST_1299,M009,11,3,50,5,0,1,92,4,85.0,CRITICAL
HIST_1300,M009,7,0,72,21,8,2,75,7,100,CRITICAL
HIST_1301,M001,10,10,79,22,1,6,45,3,100,CRITICAL
HIST_1302,M010,11,6,89,17,5,3,92,8,100,CRITICAL
HIST_1303,M002,0,9,73,30,2,8,59,2,100,CRITICAL
HIST_1304,M003,5,2,77,11,0,6,76,6,83.25,CRITICAL
HIST_1305,M005,5,1,66,29,3,8,99,1,97.95,CRITICAL
HIST_1306,M004,4,7,63,8,3,0,92,6,91.55,CRITICAL
HIST_1307,M001,4,10,77,26,0,7,84,7,100,CRITICAL
HIST_1308,M001,5,0,84,14,5,4,67,1,73.65,HIGH
HIST_1309,M004,5,2,70,11,0,1,72,7,77.2,CRITICAL
HIST_1310,M001,1,8,77,28,2,6,52,7,100,CRITICAL
HIST_1311,M006,2,10,61,7,7,6,68,4,100,CRITICAL
HIST_1312,M003,6,2,79,25,4,1,73,7,100,CRITICAL
HIST_1313,M002,2,5,92,13,0,5,100,3,65.9,HIGH
HIST_1314,M001,3,4,47,4,6,6,92,5,98.35,CRITICAL
HIST_1315,M008,2,10,57,30,7,4,52,6,100,CRITICAL
HIST_1316,M009,8,7,96,21,2,5,93,6,100,CRITICAL
HIST_1317,M006,11,6,53,3,1,0,53,2,97.8,CRITICAL
HIST_1318,M007,8,0,94,21,3,0,88,5,78.3,CRITICAL
HIST_1319,M007,9,0,72,15,4,4,76,1,85.8,CRITICAL
HIST_1320,M002,3,9,54,23,8,2,60,4,100,CRITICAL
HIST_1321,M009,4,3,87,26,6,3,75,1,94.5,CRITICAL
HIST_1322,M007,9,2,57,27,2,3,52,2,100,CRITICAL
HIST_1323,M002,0,4,57,29,2,6,46,3,100,CRITICAL
HIST_1324,M007,0,6,71,16,4,3,59,5,98.1,CRITICAL
HIST_1325,M006,7,0,77,13,0,4,52,4,78.65,CRITICAL
HIST_1326,M001,4,5,90,13,3,5,48,2,91.6,CRITICAL
HIST_1327,M005,0,0,87,23,5,3,63,7,84.9,CRITICAL
HIST_1328,M005,9,1,72,5,4,7,68,5,99.3,CRITICAL
HIST_1329,M006,1,1,87,0,8,2,66,5,64.05,HIGH
HIST_1330,M004,11,9,78,19,5,3,86,4,100,CRITICAL
HIST_1331,M001,9,6,50,28,1,2,85,1,100,CRITICAL
HIST_1332,M009,9,10,97,6,3,7,51,1,100,CRITICAL
HIST_1333,M001,9,5,64,23,7,3,79,2,100,CRITICAL
HIST_1334,M008,2,3,71,17,4,8,67,5,100,CRITICAL
HIST_1335,M001,10,1,72,2,7,6,78,8,100,CRITICAL
HIST_1336,M004,2,9,62,22,2,4,47,0,100,CRITICAL
HIST_1337,M008,11,6,76,21,8,8,49,2,100,CRITICAL
HIST_1338,M004,12,8,69,17,6,6,83,4,100,CRITICAL
HIST_1339,M008,2,0,55,18,3,0,95,8,77.6,CRITICAL
HIST_1340,M009,8,8,61,9,3,4,90,4,100,CRITICAL
HIST_1341,M003,1,2,59,1,8,3,63,0,67.3,HIGH
HIST_1342,M009,4,2,62,27,0,3,97,3,82.95,CRITICAL
HIST_1343,M005,1,0,86,11,5,5,50,8,85.1,CRITICAL
HIST_1344,M006,11,2,71,28,4,5,48,0,100,CRITICAL
HIST_1345,M007,3,4,56,8,0,8,87,1,76.25,CRITICAL
HIST_1346,M004,10,4,100,20,8,3,97,7,100,CRITICAL
HIST_1347,M007,5,4,58,18,6,2,73,3,100,CRITICAL
HIST_1348,M003,5,2,75,2,7,2,74,2,72.65,HIGH
HIST_1349,M003,3,9,76,30,2,4,46,4,100,CRITICAL
HIST_1350,M007,2,6,88,19,3,1,54,1,83.0,CRITICAL
HIST_1351,M010,3,7,86,12,1,8,53,0,91.05,CRITICAL
HIST_1352,M003,1,6,69,0,1,0,93,0,42.6,MEDIUM
HIST_1353,M009,3,1,62,4,0,0,95,1,35.35,MEDIUM
HIST_1354,M010,11,5,99,22,1,3,53,7,100,CRITICAL
HIST_1355,M009,7,2,64,10,7,2,60,0,89.6,CRITICAL
HIST_1356,M002,11,4,85,17,1,0,97,0,78.4,CRITICAL
HIST_1357,M001,8,4,51,16,6,2,45,3,100,CRITICAL
HIST_1358,M002,3,6,69,4,5,4,59,6,100,CRITICAL
HIST_1359,M010,7,2,52,7,1,4,67,1,78.45,CRITICAL
HIST_1360,M003,5,1,68,29,1,0,83,2,78.25,CRITICAL
HIST_1361,M010,6,8,66,19,2,6,54,4,100,CRITICAL
HIST_1362,M001,4,5,51,8,7,5,61,1,100,CRITICAL
HIST_1363,M002,2,10,54,10,2,6,73,7,100,CRITICAL
HIST_1364,M003,1,9,72,30,4,2,50,5,100,CRITICAL
HIST_1365,M010,2,6,67,10,7,6,75,6,100,CRITICAL
HIST_1366,M008,12,10,66,4,3,6,71,8,100,CRITICAL
HIST_1367,M010,8,8,76,17,8,3,69,1,100,CRITICAL
HIST_1368,M001,11,6,78,18,3,1,60,5,100,CRITICAL
HIST_1369,M006,3,0,68,17,7,2,52,0,78.6,CRITICAL
HIST_1370,M004,5,2,63,14,2,8,71,3,95.0,CRITICAL
HIST_1371,M007,3,0,92,4,1,2,69,0,32.35,MEDIUM
HIST_1372,M001,5,0,89,3,1,7,98,2,49.45,MEDIUM
HIST_1373,M003,2,5,54,2,3,1,45,6,87.75,CRITICAL
HIST_1374,M008,12,2,75,23,2,8,89,4,100,CRITICAL
HIST_1375,M001,6,5,73,25,0,4,52,2,100,CRITICAL
HIST_1376,M007,10,0,83,24,2,8,55,0,100,CRITICAL
HIST_1377,M007,6,10,74,17,4,8,64,3,100,CRITICAL
HIST_1378,M007,2,4,50,16,6,2,92,3,92.7,CRITICAL
HIST_1379,M008,9,0,59,12,2,8,83,1,89.0,CRITICAL
HIST_1380,M006,7,5,86,20,6,6,55,0,100,CRITICAL
HIST_1381,M010,10,6,57,8,1,1,49,5,100,CRITICAL
HIST_1382,M002,12,5,46,7,4,2,79,1,100,CRITICAL
HIST_1383,M001,3,9,45,24,4,3,80,3,100,CRITICAL
HIST_1384,M006,3,4,50,18,0,7,47,0,94.85,CRITICAL
HIST_1385,M006,1,4,45,11,4,6,77,3,93.2,CRITICAL
HIST_1386,M009,12,6,91,11,2,1,66,6,100,CRITICAL
HIST_1387,M008,1,8,96,24,2,0,82,6,93.7,CRITICAL
HIST_1388,M004,9,0,63,5,2,7,50,1,84.95,CRITICAL
HIST_1389,M006,3,10,86,4,2,8,78,8,100,CRITICAL
HIST_1390,M004,7,2,66,9,5,6,47,6,100,CRITICAL
HIST_1391,M003,3,9,83,2,2,7,51,0,89.1,CRITICAL
HIST_1392,M006,12,4,80,27,1,7,51,7,100,CRITICAL
HIST_1393,M002,2,4,55,2,4,5,67,1,75.9,CRITICAL
HIST_1394,M002,2,7,61,15,4,7,86,2,100,CRITICAL
HIST_1395,M008,9,7,47,11,4,6,71,2,100,CRITICAL
HIST_1396,M009,5,8,99,19,5,5,50,6,100,CRITICAL
HIST_1397,M001,7,4,88,1,0,3,89,8,76.65,CRITICAL
HIST_1398,M004,2,1,63,12,2,6,99,1,61.6,HIGH
HIST_1399,M008,6,7,87,2,5,7,74,8,100,CRITICAL
HIST_1400,M004,1,1,56,23,1,6,94,6,87.5,CRITICAL
HIST_1401,M002,6,5,49,10,5,7,58,7,100,CRITICAL
HIST_1402,M006,4,7,47,17,2,7,54,3,100,CRITICAL
HIST_1403,M007,9,0,83,24,6,0,96,5,95.75,CRITICAL
HIST_1404,M003,7,3,48,6,0,6,62,4,94.9,CRITICAL
HIST_1405,M007,1,2,49,8,6,1,64,7,88.95,CRITICAL
HIST_1406,M002,8,3,87,28,4,2,98,0,91.65,CRITICAL
HIST_1407,M008,6,5,93,9,2,3,67,6,91.0,CRITICAL
HIST_1408,M001,7,8,89,25,2,6,67,6,100,CRITICAL
HIST_1409,M001,8,9,57,2,2,5,87,5,100,CRITICAL
HIST_1410,M005,2,7,54,15,5,1,95,6,100,CRITICAL
HIST_1411,M001,8,0,73,30,2,7,85,1,99.7,CRITICAL
HIST_1412,M004,3,3,71,22,8,2,83,6,100,CRITICAL
HIST_1413,M001,5,3,57,21,0,5,97,5,95.5,CRITICAL
HIST_1414,M007,4,4,77,26,1,7,86,7,100,CRITICAL
HIST_1415,M002,6,5,67,26,8,6,78,5,100,CRITICAL
HIST_1416,M009,2,7,72,11,2,8,83,2,93.25,CRITICAL
HIST_1417,M002,6,6,63,27,6,4,89,1,100,CRITICAL
HIST_1418,M010,12,1,50,20,0,6,51,7,100,CRITICAL
HIST_1419,M007,8,1,85,14,8,0,87,4,89.3,CRITICAL
HIST_1420,M008,3,3,94,14,8,6,52,3,99.9,CRITICAL
HIST_1421,M001,1,5,95,29,7,6,97,6,100,CRITICAL
HIST_1422,M004,5,3,77,9,4,4,64,6,94.85,CRITICAL
HIST_1423,M009,0,6,47,0,0,2,95,5,63.8,HIGH
HIST_1424,M007,11,9,65,10,2,6,60,8,100,CRITICAL
HIST_1425,M003,3,9,86,12,0,6,53,6,100,CRITICAL
HIST_1426,M009,6,5,78,5,6,3,51,2,95.45,CRITICAL
HIST_1427,M003,1,10,81,25,6,4,98,8,100,CRITICAL
HIST_1428,M001,5,3,50,2,0,6,45,2,81.65,CRITICAL
HIST_1429,M008,9,8,50,18,6,0,92,2,100,CRITICAL
HIST_1430,M005,10,10,94,11,2,3,86,3,100,CRITICAL
HIST_1431,M005,3,8,98,7,6,4,87,0,81.35,CRITICAL
HIST_1432,M002,1,2,85,0,1,1,74,1,31.25,MEDIUM
HIST_1433,M006,2,4,61,28,2,1,49,7,100,CRITICAL
HIST_1434,M002,3,6,51,15,0,6,49,7,100,CRITICAL
HIST_1435,M003,3,10,71,12,5,7,96,2,100,CRITICAL
HIST_1436,M008,4,0,56,21,0,1,66,5,78.6,CRITICAL
HIST_1437,M002,9,9,79,0,2,8,92,4,100,CRITICAL
HIST_1438,M004,3,9,46,17,0,8,77,2,100,CRITICAL
HIST_1439,M003,5,1,58,0,5,2,59,1,66.95,HIGH
HIST_1440,M005,4,4,75,6,1,5,90,8,85.95,CRITICAL
HIST_1441,M004,7,7,72,16,6,3,61,2,100,CRITICAL
HIST_1442,M008,10,4,70,3,4,2,95,3,87.35,CRITICAL
HIST_1443,M010,6,7,72,19,4,5,84,1,100,CRITICAL
HIST_1444,M008,6,6,57,18,5,5,85,1,100,CRITICAL
HIST_1445,M006,2,0,77,8,6,4,83,8,79.9,CRITICAL
HIST_1446,M006,6,0,52,5,5,6,95,2,78.05,CRITICAL
HIST_1447,M002,3,1,58,21,5,5,54,5,100,CRITICAL
HIST_1448,M004,0,5,89,0,5,3,74,5,67.85,HIGH
HIST_1449,M009,8,1,69,9,3,8,58,1,92.15,CRITICAL
HIST_1450,M006,4,9,96,27,1,6,88,6,100,CRITICAL
HIST_1451,M007,5,3,57,1,7,7,47,4,100,CRITICAL
HIST_1452,M005,1,1,73,5,5,6,60,0,62.45,HIGH
HIST_1453,M007,0,10,95,27,0,7,63,2,100,CRITICAL
HIST_1454,M002,0,8,78,1,5,0,49,7,89.65,CRITICAL
HIST_1455,M007,12,6,91,9,4,5,93,5,100,CRITICAL
HIST_1456,M008,1,8,94,10,7,0,70,4,89.6,CRITICAL
HIST_1457,M001,7,10,52,26,5,1,46,3,100,CRITICAL
HIST_1458,M004,0,2,51,10,6,3,55,1,76.9,CRITICAL
HIST_1459,M005,11,5,97,28,8,0,89,0,100,CRITICAL
HIST_1460,M010,12,0,52,1,4,1,61,5,93.25,CRITICAL
HIST_1461,M002,12,6,62,22,2,2,82,7,100,CRITICAL
HIST_1462,M009,2,5,100,4,6,7,87,1,72.55,HIGH
HIST_1463,M004,8,3,81,15,7,4,65,7,100,CRITICAL
HIST_1464,M004,1,4,94,9,1,5,80,3,61.4,HIGH
HIST_1465,M008,11,1,49,15,0,3,45,3,100,CRITICAL
HIST_1466,M009,6,3,76,3,5,3,97,8,89.25,CRITICAL
HIST_1467,M004,5,4,90,14,2,8,51,2,95.55,CRITICAL
HIST_1468,M004,5,6,73,27,8,3,94,6,100,CRITICAL
HIST_1469,M002,1,4,72,5,4,1,54,7,81.8,CRITICAL
HIST_1470,M008,11,1,60,0,7,2,62,0,86.5,CRITICAL
HIST_1471,M006,10,8,73,11,4,1,80,1,100,CRITICAL
HIST_1472,M001,6,3,54,12,8,6,77,5,100,CRITICAL
HIST_1473,M004,7,4,68,3,0,6,91,6,87.05,CRITICAL
HIST_1474,M009,4,3,70,5,4,8,83,7,97.75,CRITICAL
HIST_1475,M001,6,1,88,1,3,1,59,1,52.15,MEDIUM
HIST_1476,M004,0,9,62,7,1,8,51,4,100,CRITICAL
HIST_1477,M008,9,6,70,12,1,3,91,4,100,CRITICAL
HIST_1478,M001,3,2,95,6,5,4,90,4,65.45,HIGH
HIST_1479,M003,1,2,77,29,7,4,99,3,94.1,CRITICAL
HIST_1480,M001,5,10,49,5,2,5,74,2,100,CRITICAL
HIST_1481,M003,10,7,72,10,0,2,61,1,97.55,CRITICAL
HIST_1482,M008,10,0,83,11,7,0,76,3,85.15,CRITICAL
HIST_1483,M003,1,0,97,0,4,3,78,8,53.05,MEDIUM
HIST_1484,M008,12,2,94,3,1,4,96,5,78.7,CRITICAL
HIST_1485,M001,7,5,79,8,7,4,68,7,100,CRITICAL
HIST_1486,M009,5,4,90,10,8,7,52,4,100,CRITICAL
HIST_1487,M006,11,10,46,4,6,3,87,2,100,CRITICAL
HIST_1488,M004,7,0,60,18,6,5,58,1,100,CRITICAL
HIST_1489,M003,6,10,51,30,4,8,73,8,100,CRITICAL
HIST_1490,M005,4,10,67,28,5,6,82,6,100,CRITICAL
HIST_1491,M007,4,3,47,18,8,5,98,1,100,CRITICAL
HIST_1492,M008,12,7,81,30,5,4,52,0,100,CRITICAL
HIST_1493,M003,10,2,74,21,2,8,63,8,100,CRITICAL
HIST_1494,M004,4,7,63,2,4,0,74,0,73.85,HIGH
HIST_1495,M006,4,9,52,1,7,4,45,6,100,CRITICAL
HIST_1496,M009,10,0,48,8,2,5,63,8,100,CRITICAL
HIST_1497,M005,2,1,90,8,2,3,72,1,46.6,MEDIUM
HIST_1498,M007,3,0,75,29,5,3,96,6,94.05,CRITICAL
HIST_1499,M006,6,1,61,29,4,4,56,6,100,CRITICAL
HIST_1500,M009,12,9,53,21,3,4,53,6,100,CRITICAL
